id,keyword,location,text,target
4020,destruction,Spijkenisse,1998: Joe Biden Urged U.S. to ‘Dethrone’ Saddam Hussein over Weapons of Mass Destruction https://t.co/2YKJGdmdbY via …,1
6485,hijacker,"Telford, England",Right hander Slight pander White panda Fight anger Linebacker Hijacker Eye-catcher Flycatcher Fire cracker,0
7352,mass%20murderer,,"All those weeping for elimination of a criminal &amp;mass murderer, glorify him or scare others of his boss, are part…",0
1204,blood,"Stockholm, Sverige","Relatives of the war criminal (Shohrat zakir )are attacking their opponents in the streets illegal, thi… https://t.co/ed9v43x35I",0
5363,fatalities,"Melbourne, Victoria","The increase in positives is probably due to measurement bias (more testing after legalisation), and posi… https://t.co/6psPGiUhq5",0
290,annihilation,"Lagos, Nigeria",What in the annihilation is this? https://t.co/R806oQ6eaq,0
3724,derailment,UK,"Hi Ally, I'm very sorry about this, we are running a reduced service at the moment due to the freight tra… https://t.co/Aq6KGHKErh",1
8816,ruin,🎰🎲,"I don’t get the whole Bengals gonna ruin Burrow thing at all, we’ve seen WAY worse teams with the #1 pick",0
2209,chemical%20emergency,"Oakville, Ontario, Canada",If you are experiencing an eye emergency call Abbey Eye Care right away - the most common eye emergencies include c… https://t.co/IfmzhsEBLZ,0
1162,blood,Baifra,The Indigenous People Of #Biafra have paid enough in blood for their #FREEDOM! #BIAFRAISNOTONEWITHNIGERIA…,0
6003,forest%20fires,[she/her],i put you first and you adored it set fires to my forest and you let it burn,0
5287,famine,Lagos Nigeria,#Famine #Jacob #Israel #Joseph #Egypt #Pharaoh #Moses #Redsea #Promisedland🏃🏃🏃,0
4175,disaster,,Trump's Education Secretary has been a disaster for student borrowers. She's gutted the much needed Public Service Loan Forg…,0
2069,casualty,"Karachi, Pakistan",The only one who can sense in a moment if his Naira is in danger though it was nothing that could cause an extreme… https://t.co/lCfLD8Of8l,0
2254,chemical%20emergency,"Glasgow, Scotland.",Emergency services have been called to an 'industrial incident' at Grangemouth chemical plant. It's understood a m… https://t.co/qTq59TxRCI,1
770,bioterror,,The human cull (from 38mins30secs https://t.co/p0XQTqvDeF) is unfolding https://t.co/Egn7Sdr116,0
4165,disaster,"Perth, Australia",So announced a Royal Commission on bushfires. Maybe - and hear me out here - his government could have just…,0
4561,dust%20storm,United States,It will be nothing in comparison to the planet wide dust storm that hit Mars in 2018. Can NASA explain why so much… https://t.co/eUoLYGZvrV,0
6966,inundated,Every Quarter,"Harry, Ex-Royal 🌈#GayDad (father to the beautiful 'Plastic Darren' reborn doll) &amp; taxpayer-funded trustafarian, dec… https://t.co/4n5AubVjO2",0
11295,wreck,for got7 and sj,my iponing plans has been wreck and im not going to plan anymore fck,0
8287,quarantine,"Houston, TX",The disease is beyond treatment: quarantine the vector of this disease please #IslamicTerrorism,0
4884,emergency%20services,🇳🇿Auckland,🌱🍃comeback giveback⁷🌱🍃 and i are hosting a charity project! we have chosen wildlife victoria which is a nonpro…,0
8620,rescuers,,"If you see an injured #koala, please don’t give them water from your drink bottle! It can be deadly. Full details here: https:…",0
10040,terrorist,"Auckland, New Zealand",Aimed at dimmish HongKongers by using our tax money. #China_is_terrorist #StandWithHongKong,0
1227,bloody,"London, England","mike didn’t bloody sit about did he, he got up quicker than me when my dominoes arrives #LoveIsland",0
5844,flood,"Nanaimo, B.C.",Flood away! Your posts always bring a much needed smile to my face. ❤️,0
3646,derailed,"Cambridge, England","Guest lecturing for at at 9 this morning, which is, of course, why a freight train der… https://t.co/Y5nnYXGEnH",1
9684,suicide%20bomber,"Denton,Tx",Mexican Border City on High Alert Over Jihad ‘Suicide Bomber’ Threat https://t.co/6thVKcnOzo via,0
7047,inundation,"Port Hueneme, CA",Fulcrum of the Better-Than List: Godard's images of beauty and doom shows us everything missing from the inundation of Netfli…,0
1053,blew%20up,,I once told someone to check her iron level because there were like obvious symptoms she was having ( same thing I… https://t.co/c45iPQpOTo,0
1938,bush%20fires,,Australian guy has been helping koalas after the bush fires https://t.co/ceAr6A6HGO,1
7839,obliterated,,i want that twink obliterated,0
1376,body%20bagging,"Las Vegas, NV               ","I don't mind being your enemy if you're an enemy of mine. Remember, I'm gone match any and all energy and don't mind tak…",0
6772,injured,"Johannesburg, South Africa",In all seriousness I'm glad nobody was seriously injured. Could have been worse.,1
5956,floods,,Birthday appeal to get Pokot children back to school after the floods. I would be really grateful of any help :) es… https://t.co/IqFSVPh3aa,0
4521,drowning,,Check out my broadcast from my PlayStation 4! #PS4live (Drowning (Demo)) live at https://t.co/AaUeutxHXw,0
5177,explosion,Dubai,"Watch: An enormous sinkhole swallowed a bus and pedestrians in northwest China, sparking an explosion, killing six… https://t.co/YFQ2JYZrgC",1
1488,bomb,"Portland, OR",You know what sounds bomb right now? A chicken sandwich from Whataburger 😭,0
5560,fire,,ANYBODY SEE THIS WOMAN AROUND THE CRENSHAW DISTRICT CONTACT ME IMMEDIATELY MY MIMA LEFT THE HOUSE YESTERDAY AND HAS YET TO…,0
6248,hazard,"New Farm, Brisbane","Spoke to a guy from country Victoria today. He informed me they're calling their #bushfires 'the Greenies' fires"". When I poi…",0
6949,inundated,Next To You,"Current utilities field #workforcemanagement is inundated with manual, disconnected processes that are less than optimal. With…",0
875,blaze,"Nairobi, Kenya",Mnasumbua Blaze Bure tu haha https://t.co/7W8x4CQomX,0
4710,electrocute,UK,"Streaming tonight at 8pm, you might want to watch because there is a chance I might electrocute myself (the window… https://t.co/xwgEBYv7VY",0
1612,bombing,"Bangkok, Thailand","On January 14, 2016 at 10:30 WIB, the first bomb blasted the Starbucks outlet at the area’s Cakrawala Building https://…",0
4387,drown,"Chronic Pain Island, LOL","Ramsey, why is Quirrel wet? Did you ^drown^ him in your water bowl again? Now he's making your crunc… https://t.co/9GNQZggQCp",0
8501,refugees,,UN Senior Supply Assistant Job Placement - United Nations High Commissioner for Refugees… https://t.co/JEZSAN6JeH,0
10863,weapon,sousei get out from the gacha,"“If you’re using the Xeno Ifrit scythe as your main hand, I recommend these three minor weapons as your weapon skin” -FKHR",0
4390,drown,"Ellicott City, MD","Your argument is “if not uttered someone I respect, I don’t have to have… https://t.co/DNysrfiwp1",0
10605,typhoon,"Aalborg, Denmark",There is no information besides the rumours. That's the joke ☹,0
10792,volcano,at my limit,Some parts of the Philippines are affected by ash fall due to the eruption of Taal Volcano. We are knocking on your heart…,1
337,apocalypse,,… https://t.co/6VsH3kdagn,0
5435,fatality,That big hole in Mirny,It’s 5 years since Meghan’s ex-husband was tragically killed when he drunkenly flew an RAF helicopter he was borrow… https://t.co/i03hLd3Aef,1
2248,chemical%20emergency,East of England,EEAST is currently on the scene of a large chemical incident in #WestThurrock working alongside other emergency service…,1
9907,survived,New Zealand,"These comments, nobody cares about the dead driver, they only care for those who have titles, Anyway get well soon for tho…",1
6914,inundated,London,Using to keep the mark is not actively commercialising otherwise we'd be inu… https://t.co/aHm6eKruYG,0
535,attack,,[BLINK ATTACK] Goal: 2k RTs 200 comments #KillThisLove #FaveChoreography #iHeartAwards https://t.c…,0
10171,thunderstorm,"CisHet: She/Her, Heavy ReTweeter",I will NEVER get used to a random THUNDERSTORM waking me up in JANUARY when it's SUPPOSED to be *COLD* this time of year--,0
439,army,,"[Latest Update] Pre-orders for Map of the Soul: 7 by China ARMY 🇨🇳 have reached 230,192 copies! via. 咖泰亨 on Baidu Tieba #Be…",0
4347,drown,most magical place on earth,Sometimes you just have to fall asleep at the table while you’re eating an excellently rated late night dinner of L… https://t.co/gxfI42i1Mx,0
453,arson,Stockholm,"Australia since 1910. This one image says it all. Arson, my ass... total denier bollocks #AustralianBushfireDisaster…",0
962,bleeding,golf stans & liv,u tweet this as im listening to bleeding love...,0
8500,refugees,Herefordshire,Very honoured to welcome to our event in today. Jeremy spoke about his vi…,0
3840,desolation,Republic of Croatia,The prob with having 4 finals next week is that I'll probably miss Desolation of Smaug on tv on Sunday because I'll… https://t.co/uukw7p0Hjm,0
8747,rioting,"Mumbai, India",Ummah before everything. 'Eminent intellectuals' ready to make the most ridiculous of claims to provide cover to th… https://t.co/Pl4WWAsdAb,0
4539,drowning,,I'm just drowning at the moment. Smallest naps for about 45 minutes in the morning and then for 20 m… https://t.co/TdNcpiFbbV,0
9660,suicide%20bomb,"Brownsville, Brooklyn",Schumer Renews Call For Suicide Bomb Detectors At Penn Station https://t.co/ZiFmAhfpZu https://t.co/9SpZddTJwv,1
7200,loud%20bang,,Weird question but did anyone else’s internet go down after hearing that loud bang in London ?,0
6671,hostages,,CNN aired Iranian propaganda accusing America of “terrorist action.” The guest was spokeswoman for the Islamic revolutiona…,0
3967,destruction,"Paris, France","« And you trust in their deceit, your mind causes your defeat [...] Propaganda and lies is a plague in our lives. How much more…",0
4931,engulfed,"Tupelo, MS",I’m here on Hwy 278 near Thaxton where a home is completely engulfed in flames... Thaxton and Pontotoc emergency crews are…,1
1856,burned,Islamic Republic of Iran,Stanley Kubrick laughing on the burned-down set of The Shining https://t.co/GwbP3vbesy,0
7927,oil%20spill,"Lincoln, NE","Keystone Pipeline leaks 383,000 gallons of oil in second big spill over two years https://t.co/v3npNfe5ix",1
8800,ruin,@Home,"I did that with coconut oil. But i never went with the prescribed amount, b… https://t.co/f7h4r4HWQY",0
2476,collide,"Virginia, USA",Episode 2 of my new Partner vs Partner Trivia Show is live today at NOON EST. and …,0
2045,casualties,,"US critical cases casualties were transferred by ""C17 'Flying Hospital' - Air force nurse"" flight n… https://t.co/3uAiZw58s5",0
4861,emergency%20services,"QLD, Australia","No but donating to charities, volunteering my time at the State Emergency Services, working in Clim… https://t.co/SXn6wpvubY",0
836,bioterrorism,"Cafe Le Blanc, Yongenjaya","Ga semua. Tapi ya cult model2 Heaven's Gate, Jonestown atau Aum Shinrikyo, bisa dengan mudah terpelatuk buat… https://t.co/pByILv05fc",0
4768,emergency,"Michigan, USA","For the 23rd time in less than three years, the Trump Administration is asking #SCOTUS for emergency relief to allow a n…",0
8647,rescuers,,"If you are interested, you may register using the link below. Link for Rescuers: https://t.co/MySjpMANCT You wil… https://t.co/9QePnjFH6b",0
9004,screaming,Cagayan De Oro City,remember when jennie making a rap powerful cb during DDDD era even other fandom are screaming &amp; fangirling/fanboying ov…,0
5229,eyewitness,"Nyanga, South Africa","The only eyewitness alive, He was even there yesterday for another homicide https://t.co/Ds9FkLQ7mc",0
6804,injuries,,Isiah dealt with major injuries that forced him to retire ( somewhat early ) towards the end… https://t.co/ZhMf16mscn,1
5374,fatalities,"Tokyo, Japan","“This time, we did not set our goals based on human fatalities, [because] our goal was not to kill the enemy’s sold… https://t.co/7VmyMKYEiH",0
5535,fear,"Northamptonshire, England",Some days I fear for my life on buses. Today is one of those days.,0
7130,lightning,"Colorado Springs, CO",A look inside a tree that has been struck by lightning. https://t.co/jGpecgFDOI,1
3072,dead,,Dead by Daylight: Race to Rank One https://t.co/lQsoVbkcpM,0
8965,screaming,"Lagos, Nigeria",I’m screaming. He just wanted to know where baby girl was from. She turned into Kunta https://t.co/GK6G1nq5Oc,0
6686,hostages,"England, United Kingdom",Young babies taken away from their nursing moms 2 be hostages for rest of their lifes #BABYKILLERS #SOULEATERS https://…,1
2128,catastrophic,Panama,a girl and her catastrophic thinking,0
662,attacked,,she ran away when i got closer and almost attacked me when i picked her up :(.,0
6277,hazardous,Republic of the Philippines,"With the latest news on the eruption of Taal Volcano last (January 12, 2020), we advise the Lasallian community to stay safe…",1
4270,drought,"Nairobi, Kenya",With Locusts devastating the country at an unprecedented rate and a massive drought looming following the heavy rai… https://t.co/h2RrYpP1zg,0
3670,derailed,UK,"Good morning, we have had a train derailed at Hitchin, so there are now delays and cancellations, really sorry for this ^D",1
2824,crushed,Antarctica,Hats of to some of the amazing VFX team we had working on Underwater. The team crushed it for us! Watching it ag…,0
8707,rioting,,Eurovision fans from Moldova are RIOTING after Adam Green won their national selection over Carl Falk.,0
1451,body%20bags,,"Like he got cucked by Iran? Damage to American military bases and no response,… https://t.co/55NlLWt3B3",0
3208,deaths,India,Irony died a thousand deaths.,0
3820,desolate,Boston MA,"Inside Trump's Head Pelosi teaching Hillary to play chess. Biden: This place is so desolate, doe… https://t.co/vL9AIpyOtH",0
8953,screamed,,So this boomer told my cousin and I to shut up and we purposely screamed louder that they ended up leaving ☕️ it’s a concer…,0
6229,hazard,where I wanna be.....,"Paul pogba vs Ross Barkley PL career Minutes played: 14,519 - 14,503 Goals: 35 - 46 Assists: 37 - 35 Penalties scored: 9…",0
11015,wild%20fires,Victoria,Agreed- but I so wish it hadn’t taken apocalyptic wild fires &amp; the deaths of…,0
9454,storm,Massachusetts USA,"It will be cold before and after Saturday Night's storm. But, even though, the late Saturday &amp; Saturday Night storm will st…",1
9769,sunk,,"Since TOTY has started, I’ve crafted Silva, Suarez, and TAA, and a base icon. Also sunk 1.3m into upgrade packs sav… https://t.co/yPeyqMVXPs",0
168,airplane%20accident,,"United States downs an Iranian terrorist and the world press dedicates tons of articles on the life he lived, but the Ira…",0
10305,tragedy,,The strange lack of any follow up on Pulwama by the authorities and/or the press confirms my fears that someone was put u…,0
6522,hijacking,,My lecturer hijacking my School GF 🙄,0
11350,wrecked,,tryna think of a plot but nothing comes to mind except for yoobi's ass getting wrecked 🤦🏻‍♂️ yall too much 😭,0
8592,rescuers,Netherlands,"Part of Ukrainian rescuers returning from Iran, major part stays in Iran – NSDC secretary https://t.co/Wjvk2cTnNm",1
5019,evacuate,,Please when you evacuate to safer grounds please DO NOT leave your pets behind 😔 animals deserve to be safe too 😔… https://t.co/OU115hEir5,0
10790,volcano,,MayWard Batangas is organizing a Be A Blessing Project to help the Taal Volcano Eruption Affected Residents. Below are d…,0
4467,drowning,"Cork, Ireland","The world is drowning in debt - However, HM &amp; ministr assure us that #Ireland is 'grand'; unle…",0
6959,inundated,London {Victorian era},Kept a keen observing gaze on her. As she closed her eyes delicately and seemed to submerge into fl… https://t.co/kbI9lUOfHd,0
7244,mass%20murder,,"To shoe or not to shoe, that is the question. 👞 In this case it was 100% right to shoe D…",0
7247,mass%20murder,Mike Phelan’s Shorts,Please grow up. They’re not abdicating because he was never in contention for the throne unless you ponder the mass… https://t.co/m4b3zHZXlO,0
4252,displaced,,"These farmers, and pet owners are suffering right now. They are displaced from their homes, seperated from their li… https://t.co/I06RzSFskJ",1
9369,smoke,on a island wit gherbo 💙🥰,“damn can i smoke wit you” https://t.co/pwJj5ZGUcw,0
7785,obliterate,"Fullerton, California USA","Hillary Clinton: ""If I'm President, We Will Attack Iran... We Would be Able to Totally Obliterate Them."" - Global R… https://t.co/uQUXucVqqv",1
6996,inundation,USA,Overpopulation = inundation.,0
3301,deluge,,That figure was for the Brexit Festival. More figure manipulation by the r… https://t.co/aZEkXngX3v,0
8069,panic,Sydney,🤮 He’s looking to be right sadly. So many duped If the Government has suddenly (in just 2 weeks)… https://t.co/B9FnNZwp0I,0
3105,dead,Malaysia,Dah habis exam? Try tgk movie2 best ni 1. Dead Poet Society 2. A Beautiful Mind 3. Good Will Hunting 4. Joker (2019) 5. Inde…,0
1298,body%20bag,Ireland,Body parts found in bag as police probe 'suspicious' death https://t.co/wHcYwQq6Qo https://t.co/POWF9qaabd,1
7908,oil%20spill,"Georgia, USA",Gov. Wolf vows to veto bill loosening rules for conventional oil and gas wells https://t.co/T1qYcGo7TQ,0
10757,volcano,United States,Taal volcano news – live: Hundreds of thousands urged to flee possible eruption as 'intense seismic activity' rocks Philippines…,1
8296,quarantined,Maldives,Sorry. You're quarantined now,0
3495,demolished,Observation drone,"How many illegal buildings should be demolished in our city. In the Guadalajara of Enrique Alfaro, the mitigation… https://t.co/Wx8RhTIzmZ",0
8293,quarantined,North Pole,Chinese woman with mystery virus quarantined in Thailand https://t.co/LmgPP7wQX4,1
2582,collision,"North Wales, UK",#B5427 RTC. The unclassified road about a mile from the junction with B5427 towards Nant y Rhiw and the junction w… https://t.co/BMfNyJCuxr,1
2691,crash,,Presenter Gellare Jabbari apologised to Iranians ‘for the 13 years I told you lies’ https://t.co/BU9BzvKLY6,0
123,airplane%20accident,"Virginia, USA",So Iranian radars cannot tell the difference between an incoming missile and an out going Ukrainian airplane? What… https://t.co/hoeEJEUIHE,1
4624,earthquake,"USA, Australia, Indonesia, NZ & Japan","A M4.7 earthquake has been reported by the GEOFON for M 4.7, Philippine Islands Region. Link: https://t.co/rRGeAgetcb",1
1943,bush%20fires,"New South Wales, Australia",Can anyone let me know who is taking charge of all this hundreds of Donations. They have come from all round the wo… https://t.co/K6MrPGPwB6,0
10901,weapon,Accra,Purchasing and possessing a lethal weapon is a serious responsibility and one that should not be taken lightly. T…,1
3190,deaths,"California, USA","No, Sara. You are not any points. You are not crazy, nor do you need a shrink. Data and eye w… https://t.co/y6IBGTbawP",0
6837,injuries,"Peel Region, Ontario","Armed Robbery - P200016171 - 7/11 Convenience Store located at 6980 Lisgar Dr, #Mississauga. Two culprits armed wit… https://t.co/yvj0MzNY1W",1
10997,whirlwind,In the aburokyi,If you're at this point it's too late. Get ready for the whirlwind. https://t.co/1mkUXrne2R,1
2006,casualties,,"An explosion hit a petrochemical plant in Zhuhai, south China's Guangdong Province, on Tuesday. No casualties were reported…",1
6413,hellfire,𝕴𝖓𝖉𝖎𝖆,Needs no comments here. Happy Veterans' Day to all my fellow veterans. Cheers to us and ours for sacrifices big a… https://t.co/XGRKRYo9nO,0
154,airplane%20accident,"Milwaukee, WI",You beat me to this response. You have to TRACK an airplane with a surface to air missile.…,0
11293,wreck,,Theo is perfectly messed up. Not completely fucked but a train wreck anough to be pressious,0
9316,sirens,Mex / she-her × 23 | BTS only,&gt; Kellin Quinn; Sleeping with sirens &gt; 2015 &gt; Warped Tour https://t.co/GmnhVDBlqA,0
8844,sandstorm,,Iran Hit By Sandstorm &amp; Earthquake As They Plan To Attack Israel! https://t.co/EJpq7BdxOZ,1
1870,burning,Louth Lincolnshire,Message that needs to make sense: If we don't stop burning pretty much all the fossil carbon then civilisation ends. Simple.,0
9455,storm,"Lanark, Scotland ",Storm Brendan hitting Glasgow hard https://t.co/4vieIN0XJ3,1
10882,weapon,,"Toby stares at the other in front of him with dull eyes, battling with his inner self. He holds his… https://t.co/uMZaFL6QVS",0
3308,deluge,,Well how about every Republican in Congress takes it in turn to react and comment to an #IMPOTUS tweet. That way th… https://t.co/YwR9c98aAH,0
1261,bloody,"Canberra, ACT",Sitting in the front room with my bride and the bloody dog eating peanuts out of my hand listening to Allegri’s Miserere - as you do...,0
9725,suicide%20bombing,Red Devils Land    #ایران_متحد,"Season of suicide bombing, hostage taking, extortion, new wars etc etc commenced &amp; with… https://t.co/8gVybCAV21",0
11074,wildfire,,cool. now respond to the actual argument at hand,0
1351,body%20bag,171006 180929 100208|| VERKWAN,hello bale pwedeng body bag or sling? tama po ba?,0
901,blazing,"Westmount, Québec",Congratulations on blazing a new trail! 👍 👍 👍 👍,0
8203,police,,Delhi HC also directs police to summon those who were part of the two WhatsApp groups ‘Friends of RSS and Unity Agains…,0
7033,inundation,United States,Isn't it amazing how (as a child) I had been accused of a crime I never could have committed only to go on and expo… https://t.co/rjDDhZEGXO,0
845,bioterrorism,www.facebook.com/libertyzabala,That feeling when you turn in a 20pg paper on #bioterrorism &amp; #civilliberties! 🤓 📚 👩🏼‍🎓 #GradLife 🙌🏼 https://t.co/FJAGlfR7gN,0
16,ablaze,,No cows today but our local factory is sadly still ablaze #REDJanuary2020 https://t.co/CMyuKzrcKz,1
3689,derailed,,"TRUE! &amp;, unlike many democrats, Amy Klobuchar can debate Trump without getting derailed by his petty 3rd grade antics. She's…",0
3262,debris,Highlands,"Buckets would have been no good for us really, but lucky escape, yep bit of a clean up of debris and sewa… https://t.co/lM9Q0XLPbk",0
10934,weapons,my name is Mia not khalifa,so redvelvet has representative weapons so irene: axe seulgi:knife wendy:scissors joy:submachine gun and yeri's is… https://t.co/NY7F4A1qwQ,0
10773,volcano,,The Makati Science High School SSG will be accepting cash and in-kind donations for the evacuees of the Taal Volcano eruptio…,0
6562,hostage,In between a Home & a Homeland,Hard to have dialogue in a hostage situation with a gun held up to your head. Hrant Dink had a bullet put in his he… https://t.co/GXZkc2Au70,0
6269,hazardous,#ImpeachTrump,"Taal volcano news – live: 'Hazardous eruption' set to hit Philippines within hours, authorities warn: Follow latest updates as…",1
6639,hostages,Ethiopia,In early December between 17-27 students fleeing violence at their campus were kidnapped while aboard busses…,1
1393,body%20bagging,,I feel like me packing up my Christmas tree sounds like I’m bagging up a body.,0
9458,storm,"Hampton,VA ✈Charlotte,NC",Man this storm not playing,0
9783,sunk,St. Louis,Too late anyway. She sunk her boat over the past several days. https://t.co/qWbw4XhCSa,1
853,blaze,Australia,Martin Tebbutt's farm in Bilpin was completely charred when the Gospers Mountain blaze ripped through the area on Dec…,1
1916,burning,"Tokyo-to, Japan",There was a whole magnificent soul burning brightly behind her “shy.”,0
1407,body%20bags,north Antrim,TUESDAY HEADLINES.....STORMONT POWER BACK ON.....WHERE’S THE MONEY?.....WE NEED £5bn.....DEAL MONEY FALLS SHORT SAYS FINAN…,0
4226,displaced,,Lipa City Rep. Vilma Santos visits families displaced by Taal Volcano eruption at Batangas Sports Complex Gym in Ba… https://t.co/Tebpkiawel,0
9111,seismic,worldwide,"#EGU2020 call for abstract! #Fault2SHA session: ""Seismic hazard based on paleoseismicity, active faulting and surface deform…",0
9940,survivors,"Charlotte, NC",From the Survivors...,0
1579,bombing,One It Forever 🦋,this should work or else m bombing cj enm fr 😴,0
7968,oil%20spill,Tdot,the sun swallows a comet metal snakes criss-cross our land carrying toxic oil against our will any day now can spil… https://t.co/mmN543r8Is,0
8304,quarantined,Finland,please help me!! #Quarantined #Zombievirus https://t.co/N8YuUAKYMZ,0
7745,nuclear%20reactor,,"shipping over 25,000 lbs out of the country. The core of its A… https://t.co/8ileYKlul2",0
6104,hailstorm,Colorado,Colorado Springs 8/6/2018 hailstorm getting recognition in significant weather events recap from - Doing 2018 rec…,1
9424,snowstorm,,"Let's not forget that during a huge snowstorm, he was personally responding to tweets from people who were sn…",0
3459,demolished,,Abu Amrah family from #Gaza Strip have been homeless for two months after their house was demolished by an Israeli air str…,1
7582,mudslide,"Charlotte, NC","Joe Rogan Goes On Carnivore Diet, Suffers Explosive Diarrhea - 'A Rainforest Mudslide Overtaking A Mountain Road' https://t…",0
6747,hurricane,"Florida, USA",***MAJOR ANNOUNCEMENT*** The Producers at Rockfest Concerts are proud to announce their collaboration with The City of…,0
2120,catastrophe,"Edinburgh, Scotland",Time to put my prescription I received from Dr Ennis yesterday from to good use with a 'Mighty Classi…,0
5317,famine,"Nairobi, Kenya","Locust invasion headache: “The issue of insects for every country is extremely strategic, it is as strategic as the wa…",0
3385,demolish,"Arrah, India",https://t.co/HCIMVrXCuO IBA UFBU are good for nothing. These two illegal entity are curse for 10 lakh bankers &amp; 4 lakh Bank…,0
11143,wounded,,Did Prince Harry run away from his duty to his country when he fought in Afghanistan? To his duty w… https://t.co/xDmHeGXW1g,0
8551,rescue,London,Government to consider scrapping APD to 'rescue' Flybe; Chancellor Sajid Javid is reportedly due to meet the busi… https://t.co/l4CL3JSbtA,0
6770,injured,"Bengaluru, India","“In my second year at Bagan,I was trying to get some minutes off the bench. Our striker got injured in a game but the coac…",0
1664,bridge%20collapse,,Q / [ CEMEX] + [ EPSTEIN] + ADRENOCHROME/ HOW to hide the evidence/ think [ Hemoglobin] / quick search U.S. pat…,0
4939,engulfed,United States,"i have been dreaming of this, him standing on a ledge above of a group of criminals… https://t.co/yGvX5ETN6J",0
2823,crushed,,weirdest creative decision the joker made was having all of the batgirls and robins defeat the joker by chanting “clown! yo…,0
4436,drowned,"Pretoria, South Africa",-The guy who laughed himself to death -The guy who got killed by a street cleaner -The body builder lady who dry drowned -T…,0
8660,riot,,"jungle useless, tanks too op, armor pen cost vs armor cost is too high, lee sin solo winning games, cli… https://t.co/yFahxeRymS",0
1933,bush%20fires,,Murdoch criticises the science of the Australian Bush Fires causes then donates to the relief fund. https://t.co/5r4L1EYyOn,0
9416,snowstorm,"Vancouver, British Columbia",last night’s snowstorm sure delivered chaos to the city but at least backyard looks quite pretty… 🏙🌲❄️🐕🐾 #winter… https://t.co/TmOkOGcuKo,0
4006,destruction,"Boise, ID",A U.S. Marine (EOD) Technician assigned to the Special Purpose Marine Air-Ground Task Force-Crisis Response-Central Com…,0
4184,disaster,Home of The MASTERS ⛳️,Iran’s Airborne Chernobyl The incompetence and lies that killed the Soviet Union following the Chernobyl disaster… https://t.co/Dvmh11JD0N,0
1793,buildings%20on%20fire,OnFreedomRoad.com,"#thankful 9/11 vs Cal Fires So is this an attack on America? Say, like 9/11. The same questions must be asked a… https://t.co/MpnzMeClP9",0
3075,dead,Karachi,AOA. My name is bilal. I need your help sir I have unknown spine disease since 7 years I…,0
7446,meltdown,Crocolândia,Meltdown in my ass,0
5084,evacuation,Tatala Binangonan Rizal,"The NCRPO is ready to deploy 2,500 personnel to assist in the evacuation and relief efforts in Calabarzon for those affected b…",1
11028,wild%20fires,,Kangaroo Island Micah Lovegrove captured this footage of singed sheep wandering amid a herd of carcasses killed by devasta…,1
10912,weapon,,Excited to share that my short film Bradford Young : Cinema Is The Weapon will screen at the prestigious Pan Africa… https://t.co/VwiRA2xrHj,0
579,attack,UEE - Terra - Prime,"""We confirm the attack on our database by the #UEE, which has been stopped and sent back to the enemy… https://t.co/BKUBH95Kae",0
4441,drowned,,Milk drowned a breast once.,0
11247,wreck,,Broken down 40 year old wreck. We are fine. Just bored. Hope you have a good day as well,0
948,bleeding,,"“Doctor, help me! I’ve been wounded and i’m bleeding to death! Please, stem the bleeding! Get me a bandage!” “Ah, but there…",0
10411,trauma,,please date responsibly. please don’t be out here passing trust issues and trauma around. please take some time and heal to…,0
7937,oil%20spill,"Treaty 6, Alabamaberta",The BP oil spill in the gulf landed that whiney “I just want my life back” CEO a 40 m… https://t.co/HuIwKfw8Uf,0
3966,destruction,Cheshire. UK,And today Gov proposes cutting tax on domestic flights! They are culpable in the destruction of our life support sy… https://t.co/a0ZiCpvc3m,0
4230,displaced,Worldwide,"#Libya Since the onset of armed conflict on 04 April 2019 in south Tripoli, at least 29,863 families (approximately… https://t.co/lsF5NxVdvB",1
1089,blight,Ngunnawal/Dharawal Country,Murdoch condoned his News Of The World journalists hacking a dead teenage girl’s phone. He’s an immoral blight on… https://t.co/SpCufwthYc,0
4950,engulfed,Planet Earth 🌍,Your mother and partner would be proud of you. Debussy - Engulfed Cathedral reminds me of the Lady… https://t.co/Va7EMpewLw,0
8471,refugees,,Government: This is About America’s Safety – 18 Republican Governors Ask For More Muslim Refugees As “Christian Charity” https:…,0
3463,demolished,somewhere,Maybe Andrew should pay back the millions from th… https://t.co/amCuGsJgsp,0
3287,debris,,Senate President Vicente Sotto III is proposing that cloud seeding operations be conducted in areas affected by the rec…,0
7715,nuclear%20reactor,,Guy Fieri went to the bank and stole a nuclear reactor.,0
1976,bush%20fires,"Brisbane, Australia","In pairs, our workshop participants designed &amp; coded a disaster detector system! 🚨 This pair designed a rural fire… https://t.co/tQFhDH1fys",0
2976,damage,"Hyderabad, India","Idk if it'll backfire (all the damage that was going to happen has happened *to her*. Donation refunds,… https://t.co/FCAhM25BpM",0
3956,destroyed,,"Nowadays, Sid’s game is completely being destroyed by Sana! Just like Diandra messed up Gautam’s game for a week! All we se…",0
141,airplane%20accident,Calgary AB,You may be unaware that CND is currently in mourning. 57 Canadians were downed in an airplane by accident in Iran. Flag…,1
9206,sinking,,"“Mary decided what was important, and she did not let the day-to-day get her away from that. As a result, she was d… https://t.co/qCXW4cGJth",0
9363,smoke,"Melbourne, Victoria",Curved treadmills for the squad today due to the smoke and air quality in Melbourne currently. 10x45s at 1500m effo… https://t.co/7RmQZuTrzh,1
5276,eyewitness,,Hmmm. I’ve seen eyewitness hand drawn pictures of a certain pair of brothers who were in the vicinity at th…,0
9664,suicide%20bomb,,"Dear British establishment, If you consider Extinction Rebellion activists who want to save the planet from climate ch…",0
2147,catastrophic,"Czechia, se stim smiř",USA Today poll taken Tuesday &amp; Wednesday has catastrophic political news for Trump on Iran. I bet White House polling showed…,0
4190,disaster,pee pee poo poo,We call on the Ph government to do its job and urgently. Stop this charade asking the people for donations. Lagi na la…,0
10972,weapons,"Fort Drum, NY","And shit on top of that, removing the mounted kill requirement to get weapons gold would result in alot more people… https://t.co/qLQgGeIYoq",0
1417,body%20bags,"M/cr, GBR",Some new BODY BAGS + ONLY DEATH grips https://t.co/cON5hDMo5t,0
3554,demolition,,"""Once the [scrapping] sale contract has been signed and the deal done, you have to ask how much else is expected of a dil…",0
4956,engulfed,,This is so hot and sexy. Look at their size difference! Erwin's hand fully engulfed Levi's… https://t.co/SjHLFyezpx,0
9413,snowstorm,,Same I like to rush my opponent down and overwhelm them with the small sword link has young link out ranges link why,0
4629,earthquake,United Kingdom,#PUERTORICO: The grant will go to the Foundation for Earthquake Relief Fund which will be used to activate a serie… https://t.co/AD4lUt8pKq,0
9304,sirens,,https://t.co/9f5GJsEWJY Shut down the sirens in our heads.,0
9327,smoke,,Awful scenes in Melbourne. Dalila Jakupovic has abandoned her #AusOpen qualifying match after suffering a coughing fit whil…,1
6060,hail,Ghana,"We are the LIGHT, HAIL THE LIGHT!",0
11333,wrecked,,see if am wrecked and start a sentence wae “am no just sayin this cos am mad wae it..” am defo sayin it cos am mwi,0
2492,collided,"Jinja Road, Entebbe Highway","The imam and his “wife’s “ things just collided like that, this guy is taking us for a ride like two weeks seriously and you…",0
10133,threat,,"“Imminent threat.” “No, not an imminent threat.” “1 embassy.” “No, 4 embassies.” “Well, maybe an embassy.” “Could be lots…",0
3844,destroy,,"Senator, correction... Democrats launched a sophisticated information war to divide our country and d… https://t.co/zhmoop9FuF",0
640,attacked,manchester city forever,"The abuse I’ve had from this tweet has been unbelievable. I’ve been called a paedophile and a nonce, and been attacked ab…",0
10970,weapons,Canuckistan,"This ""man"" needs to be jailed or put away for the safety of society. He is a menace. Assaults people,… https://t.co/ayx4kLpQR4",0
3971,destruction,Western Australia,"People are asking ""what about the jobs if #Flybe goes under?"". But what about the jobs if the planet goes under? And th…",0
5047,evacuate,sa loob ng gold na tupperware,01/14/2020: after all just happened to us the volcanic eruptions and earthquakes its a new day and a new beginning from us 💜…,0
5935,floods,,"Venice canals almost dry, two months after severe floods - https://t.co/5XXdyMnecU #GoogleAlerts",1
1380,body%20bagging,,I was wearing a black dress with deep cleavage and vans on. Mike is the type of guy who takes care of his looks he went to th…,0
5576,fire,waiting for Beyoncé to save us,Portrait of a Lady on Fire (2019) dir. Céline Sciamma https://t.co/VUhYa2naeX,0
6303,hazardous,Melbourne,"Just sitting or walking in it is hazardous, it isn't good.",0
10685,upheaval,,"Putin is financing Syria, watching the upheaval in Iran ,his fresh ally,and… https://t.co/n4W5vvmg5R",1
5554,fear,London and Poole,"Margaret Macmillan cites spiteful Wall St banker hostile to JMK 1919: ""Keynes got sore because they wouldn't take his advi…",0
10465,traumatised,,"The ""traumatised"" woman as the epitome of neoliberal subjectivity, and of psychopolitical manipulation.… https://t.co/5n2dAb5pFK",0
9095,seismic,Brussel,"""A new Farm to Fork Strategy will prepare a roadmap towards a fair, healthy and environmentally-friendly food syste… https://t.co/46ibEIbPL1",0
190,ambulance,Republic of Ireland.,Fire Engulfs Ambulance Conveying Corpse of Catholic Priest’s Mother; #streetjournal https://t.co/gK6dAGKRrL,1
2117,catastrophe,"London, England",Been watching #Catastrophe and on Episode 2 of Season 4. Tripping out over a joke Rob made about he’d like Princess… https://t.co/jt4f96q1Yy,0
2683,crash,,#BREAKING: Several people have been arrested because of their role in the Ukrainian plane crash in Iran that killed all 176 peo…,1
8676,riot,,if that thread is true and justin was a victim then i stg i’m gonna lose my goddamn mind. i WILL start a riot,0
3278,debris,"Galway, Ireland",#StormBrendan Significant overtopping around high tide on Monday evening led to closure of Prom. Waters abated late… https://t.co/yNFqy9XYm9,0
7329,mass%20murderer,Londinium,I hope Joker wins all 11 Oscar nominations. It's about time we celebrate a self-pitying white man who goes from being sa…,0
11161,wounded,,"The black cat is on it's way. Oh, the wounded! I heard small moans heading away from me in the darkness. What did black cat do to him??",0
3109,death,with the shits,stream death throes https://t.co/VZ5DyOYXOP,0
2833,crushed,,"In orbit refuelling, to boldly go where no ICE ever gone before. Oh I hope people are happy to rid… https://t.co/V5kKHql8Bq",0
426,army,,ARMY detectives found out that BigHit created a website for #CONNECT_BTS but it is not yet confimed. The link to the webs…,0
228,annihilated,,"Thanks, no offence taken. But really, the choice for centre left parties is either re… https://t.co/W0RdSFC7Jp",0
6085,hailstorm,,Imagine this and then some Pokemon decides to use sandstorm or hailstorm *sad reviver seed noises*,0
5830,flood,,DEV - Flood Warning until 1/14 1:30AM CST for Attala https://t.co/KWaRCnZfik,1
4374,drown,,Sour patch kids commercial: we’re gonna drown your mother and frame you for it! But at the last second we’ll come o… https://t.co/LIXjrr39pv,0
4454,drowned,,Your Immigration Policies Has Caused The Death Of A Migrant Father And Baby Daughter That Drowned… https://t.co/YPbOpOFoOU,1
582,attack,"FCT Abuja, Nigeria ",This plank row hellset will attack you abs. https://t.co/5DIIh4wBIe,0
10716,violent%20storm,,The erratic jet stream is causing chaos on both sides of the Atlantic and the Pacific Northwest: UK and Ireland exp… https://t.co/ioYw6h6Bgm,1
8147,panicking,vkook+yoonmin,TAEHYUNG PANICKING AND RUNNING AWAY IS SO FUNNYJFJGJD https://t.co/k1M3CNjhjJ,0
2314,collapse,London,"Devastating read by . Venezuela’s Countryside Is Collapsing. The Capital Hums, on the President’s Orders https://t…",0
3501,demolished,The European Union.,Don't back that state fool. You remember you got demolished in the GE because of Starmer…,0
9621,suicide%20bomb,,So corrupt officers in system and Muslims ideological support to jihad is same thing? One facilitating at… https://t.co/apgINJmWBO,0
8661,riot,United Kingdom,Looks like are going to be making more Tabletop Games - which we are excited about because we loved Mech… https://t.co/JswksGpGxM,0
2986,damage,England,Then you'd get a bag of broken crisps all sitting in the bottom of the bag. The air is… https://t.co/cmQv2PnfIq,0
8211,police,,I have experienced Police brutality more than 2 times and trust me police are thieves and they are… https://t.co/kkNWHeuUHe,0
10034,terrorist,yamunanagar,"#Budgam encounter update: The one terrorist, who was killed, has been identified as Adil Gulzar Ganie of Dalvan Budgam. As per pol…",1
838,bioterrorism,,We need to classify Anti Vax as Bioterrorism,0
8160,panicking,"Florida, USA",YO i just got the luckiest break and got my room for Glitch on the event block. I did that frame one reservation fo… https://t.co/F1HKQOlmdt,0
6463,hijacker,,Spreading democracy with the good fellow hijacker squad and bone-saw masters ! More hypocrisy and no democracy!… https://t.co/CVSQf2hQi8,0
10131,threat,USA 🇺🇸,Dear : Remember when multiple GOP-requested witnesses testified on TV &amp; implicated you? Remember when we invit…,0
5406,fatalities,,+++SIMULATED NUCLEAR ATTACK+++ Attacker: India Weapon: Agni-IV(1x40 kt) Target: Cherlak CALCULATED FATALITIES: 1076 https://t.co/Giu9OqmsbJ,0
10330,trapped,"Fremont, CA",Dan Goodin:'Exploit that gives remote access affects ~200 million cable modems': https://t.co/5XaIBf9R74 Cable Haun… https://t.co/66Gn0S33AJ,0
1384,body%20bagging,"Lagos, Nigeria","MY PHYSIQUE: slim toned in body shape. TYPICAL AFRICAN MENTALITY: she don’t eat. REALITY : my genes, my daily wor… https://t.co/aWCh79jWLN",0
11211,wounds,,"Yoonbin is set to release a new song entitled wounds today, 12 PM. Filmed by: btrvl studio Stay tuned. #HaYoonbin h…",0
423,army,"San Antonio, TX",[VIDEO] A groom from the Philippines danced to a medley of songs with his friends on his wedding for his new br…,0
4886,emergency%20services,"Cumbria, UK","Cumbria County Council is refusing to reveal the full cost of a new base for south Cumbria's emergency services, as… https://t.co/UDkc5IMbFg",0
5219,eyewitness,The space inbetween,People have talked about the “five observables“....but back in 2014 The members of ITF put together their own list of…,0
8527,rescue,"Eora country, Sydney",Please share this new video with your followers as this is the proper way to rescue dehydrated #koalas give them water…,0
10249,thunderstorm,"Greenwood, Mississippi",One of the hardest-hit areas of he severe thunderstorm that raked across the Delta Saturday morning was the town of… https://t.co/4LnskSsmi0,1
5067,evacuated,Panamá,"More than 23,000 people have been evacuated and clouds of ash have turned entire towns grey as Taal volcano continues to rumb…",1
3593,derail,"Ibadan, Abuja, Nigeria",Doing great at a younger age isn’t common. I wish you a much greater years ahead bro. Stay focused a… https://t.co/qMRK520eN9,0
5469,fatality,"João Pessoa, Brasil",— bad dreams; • 1.07 – fatality https://t.co/P5nVRevwEH,0
10804,war%20zone,,Madrid twitter vs Barca twitter war zone like it's 2015 all over again ffsssss so good,0
7094,lava,,Lightning sighted at #TaalVolcano DETAILS: https://t.co/zseuAHyto9 https://t.co/9IBqfCGwh5,1
9065,screams,"Wellington, New Zealand",this screams Village Vanguard https://t.co/yxBEUmQ8GS,0
10050,terrorist,India,"But we can see we are not like LWs who always defended Mohammad Afzal Guru who was a Kashmiri terrorist, who was co… https://t.co/lUwcqTOPJd",0
5566,fire,"Planet Earth, Galaxy",I was visiting a fire affected community in the high country today when I spotted a Wedge Tail Eagle circling high… https://t.co/9lTGVTl7Bj,0
11105,windstorm,"London, UK",With any luck you will miss the windstorm on either side...fly safe xxx,0
3063,dead,"Uyo, Nigeria",Dead people only hang around a couple of days after their demise. They subsequently go to rest. These ideas of…,0
2231,chemical%20emergency,"Cincinnati, OH","Flood waters 💦 and standing waters pose various risks, including infectious diseases, chemical hazards, and injurie… https://t.co/YhlulOWKjo",0
2051,casualty,Nigeria,"The Crisis group in its 2018 report stated that about 4,000 lives were lost in elections conducted from 2006 to 201… https://t.co/kUtIUtvjDP",0
1022,blew%20up,,okay this blew up 😳 lemme know if it made to ig 😩😩,0
7029,inundation,Puerto Rico & Spain,see the tsunami inundation maps so you can understand the real risk... These maps show… https://t.co/srXxVas476,1
10712,violent%20storm,Orkney,19.00 obs from #Kirkwall Airport showed sustained wind speeds in the preceding hour of 74.1 km/h (46.0 mph) or Forc… https://t.co/uvekPOQJr9,1
7109,lightning,,First lightning in raleigh of 2020! https://t.co/iXvx5yfIrp,1
5026,evacuate,JP,"Bridal couple were little affected in contrast to the 24,000 people who have been forced to evacuate. #FMTNews #Wedding https…",0
10445,traumatised,HBeyCU,trauma does not make you stronger trauma makes you traumatised,0
4762,emergency,London,Walk downstairs... Look for the L-S telephone directory Scroll through… https://t.co/JGFLJChcCw,0
9033,screams,"Portland, OR",Yes! I just did and I am still hyped. The buildplate itself is kinda boring but also very pretty and it s… https://t.co/YzY4hhxwn8,0
10004,terrorism,,"‘Completely flustered’: John Kerry slams Trump tweet about Iran Deal funding terrorism, then is shown what he said… https://t.co/0HWNEgLM1L",0
7589,mudslide,Arkansas,The Pali Tunnel in the Kailua bound direction was closed in the right lane due to down trees and a mudslide. It has reopened.…,1
1573,bombed,"Zimbabwe, Midlands",She bodied you. This is her selfie and you bombed it https://t.co/SLEDK88gCc,0
1411,body%20bags,United Kingdom,"I like them all. Did you know that tea bags are not made out of paper, but the same nylon that fl… https://t.co/VnUzdfdQSO",0
10558,trouble,Norwich,Exactly Jill. Every family has a ‘Meghan’. Always out to create drama and cause… https://t.co/pFS4YnQNO7,0
199,ambulance,Sicily (❤️) Mielno 🇵🇱,When driving drunk you can choose your way to come back home : A) Taxi. B… https://t.co/Bk3XOkgFKq,0
5121,evacuation,Republic of the Philippines,A local veterinarian takes care of the horses retrieved from the volcano island. The horses are currently being tre… https://t.co/vRpLVIZ4Hq,1
679,avalanche,Another World♥️♦️♠️♣️🃏💫⭐︎,Hi Respected #Friends Hello #TweeterWorld #Namaste 🙏 G.morning Everyone 🤗 Avalanche Effect At Shimla INDIA Enjoy The Be…,1
8917,screamed,baearea,I absolutely loved Hustlers so much &amp; this scene was the cherry on top 🖤 The way I SCREAMED when I saw this part omg https://…,0
1168,blood,,Working on some blood maledict sets! https://t.co/lfHhS9I7sy,0
6732,hurricane,Chicago➡️San Diego➡️Seattle,"In the aftermath of Hurricane Sandy, NBC Univ held a benefit I worked on at 30 Rock. Booker showed up despite having not sl…",0
4864,emergency%20services,"Los Angeles, CA","Enjoy the Trannabis Chi Shop, knowing $1 from each purchase gets donated to the transwellnesscenter for both emerge… https://t.co/4C4ULLUlbK",0
9261,sirens,alexinelle || rcshs,"darkness sirens time to time shaking of the ground no electricity no water no signal tough days mare,, pero kalma lang",0
6473,hijacker,South Africa 🇿🇦,"Hijacker funeral showed criminals had an upper hand over law enforcement, many ppl tortured &amp; police were not proac… https://t.co/ubVlpfnW50",1
1438,body%20bags,"North Carolina, USA",All Trick see her is for her body and something he can smash. He needs a woman who is more mature… https://t.co/QIQHGrIZrR,0
6350,heat%20wave,"Chandigarh, India",Bihar District Magistrate Issues Order to Close Schools for ‘Heat Wave’ Instead of ‘Cold Wave’… https://t.co/M1F8iJlsbO,1
4296,drought,"Headley, Surrey","Her breakfast causes drought &amp; murder, her wedding bouquet could have killed her niece, she rubs her baby bump because she’s…",0
5985,forest%20fire,,#NHESS https://t.co/KTX4iMM9GN Evaluating forest fire probability under the influence of human activity based on remote sensing and GIS,0
8047,pandemonium,,"Never forget that Xiao Zhan managed to make thousands of people shush with just a lift of his finger, yet everyone lost the…",0
9657,suicide%20bomb,SouthGloucestershire.,ISIS strap suicide vests to PUPPIES in horror footage of sick front line bomb tactic https://t.co/kHL32fbOI0,0
1386,body%20bagging,dipset city,Body bagging this nigga. I almost respect him again,0
4987,epicentre,ddmlmdlgmlmlpgacclgcllc.gc,This means the only way i can describe my policy and theory is through uncountable number of absurd hyperprecise ar… https://t.co/WGjHU3iNIL,0
11115,windstorm,"BC, Canada",Stanley Park storm is where the bar is at for windstorm (10). So using that as point of reference what we…,1
7507,military,,INFO | Mads was seen wearing a military uniform somewhere in Denmark for a new project. #MadsMikkelsen,0
3034,danger,,The danger mission is in progress The first step is to feed these animals and to keep them alive . And then to try to…,0
9361,smoke,,"Democrats FREAKING OUT after Sanders says Trump will SMOKE Biden According to those complaining, Bernie will make it hard…",0
6201,hazard,Naptown,There’s a lot to unpack from tonight’s City Council Meeting and more information will come out in the coming days. On…,0
703,battle,,"One month since CAA, scorecard as of now: Young India: 1 Narendra Modi: 0 The government has lost the battle over youn…",0
4275,drought,Australia,So about those economic costs of #ClimateInaction eh? #BeeHives #Pollinators #Vegetables #Fruit #Wine #GrainCrops… https://t.co/QqRhFgjA89,0
10096,threat,London,So why is this not main news??? Trump lied about the imminent threat. https://t.co/SzMwERzORR,0
10185,thunderstorm,,"Real shit, woke up like 15 mins ago for a snacky snack, and didn’t know it was supposed to thunderstorm, I deadass… https://t.co/HpQ8fvS1zn",1
9256,sirens,,Dude the creature design for Sirens in Witcher 3 absolutely blew me away They're so cool. It's a different take on a clas…,0
8389,razed,,"As unprecedented wildfires threaten large parts of Australia, the nation’s agriculture industries are counting the… https://t.co/XVGmWDWBpO",0
3851,destroy,"Made in Africa, Serving Earth ","Abeg, if you add Natasha she go destroy the table. I dey fear her pass anyone.… https://t.co/Acfx7u6QmU",0
10436,trauma,,"What is Dynamic Running Therapy, How important is it to be Authentic during healing from trauma, and how do we get stuc…",0
8137,panicking,United States,I usually sit in a closet corner in the dark and take slow long breathes when I'm panicking,0
3259,debris,,You are being accused of dishonesty by men who would see the Church reduced to rubble if it meant they had…,0
1258,bloody,London,"Our teen Junior Judges bloody loved BLOOD MOON. Fresh, positive and empowering on first love, friendships and rejecting…",0
2168,catastrophic,"Pietermaritzburg, South Africa",There's a new drug in town and you won't want to miss its catastrophic effects on tonight's all-new NCIS: Los Angeles. Stream i…,0
544,attack,"Mumbai, India",मुस्लिम महिला छात्रों से गुंडागर्दी/POLICE ATTACK ON WOMEN STUDENT https://t.co/RKIDl9ohGA via,1
2684,crash,woomeLang,"#Breaking: Some people were arrested over Ukrainian aircraft crash in Iran, media reports.",1
6640,hostages,Addis Ababa,"72 hours later, the whereabouts of any of the supposedly freed students haven't been revealed. None of the families have r…",1
4264,drought,,"I declare that the drought is over. God is about to shower you with new blessings, new opportunities and new ideas.",0
3672,derailed,,"Good morning, the service is delayed by a derailed train, apologies for the inconvenience caused ^D",1
8795,ruin,"Olympia, WA",Stay Monkey by Julie Ruin,0
5545,fear,"Rotterdam, The Netherlands","“When you tear out a man's tongue, you are not proving him a #liar, you're only telling the world that you #fear wh… https://t.co/PYfSPKDRCZ",0
7518,military,Kushville💀,Careers were wasted during a 3 years military regime 😭 https://t.co/r5G8mTeePw,0
2531,collided,"Manassas, VA",So? Why couldn’t both be true? According to Warren that’s exactly what happened. Stating his persona…,0
9221,sinking,,he's sinking in quick sand https://t.co/rSKok5fDeH,0
4108,devastated,trash,compilation of jungkook going noot noot because he tends to do that very often and i find myself incredibly devastated by th…,0
10197,thunderstorm,Arlington Heights-Chicagoland,"SPC Jan 14, 2020 0830 UTC Day 3 Severe Thunderstorm Outlook: SPC 0830Z Day 3 Outlook Day 3 Convective Outlook NWS S… https://t.co/HjtAgkRYFQ",1
2615,collision,"Brighton, Sussex, UK",TRAVEL: A26 near #Lewes - there is a collision between Earwig Corner and the Barcombe turnoff. Lengthy delays on bo… https://t.co/X4KB0kbLAm,1
9670,suicide%20bomb,Jmar is an artist,"If there is one place deserving of a suicide bomb, it’s PETA headquarters https://t.co/sQZyfr3hTu",0
4584,dust%20storm,,just scratched my head...who knew there was a dust storm comin!?🤣🤣🤣,1
5719,flattened,,TIL that Array.prototype.flatMap callbacks can return non-arrays and they'll be treated the same as if they were an array o…,0
10199,thunderstorm,North Carolina,NWS Alert&gt; A Thunderstorm with Heavy Rain will Affect Central Pasquotank. Perquimans NE Bertie SE Hertford &amp; Chowan… https://t.co/Ve9L9NNIUQ,1
7415,mayhem,"Nadi, Fiji","🤣 Are there horses on M’Baku St? If so, I may also have questions. 🤣🤣",0
3931,destroyed,,Welcome back to a Newspaper that is like real newspapers would be if he hadn’t destroyed them- just 2 days left to subscr…,0
4753,emergency,Where am I?,In the meantime Bertha the fánadóir leads you to the frat house where Sebastian Melmoth and Jenny Greenteeth take t… https://t.co/BN6lkVWawo,0
4872,emergency%20services,Bermondsey,All this cash wasted while our emergency services are struggling. https://t.co/uHPhUCrmxV,0
2188,chemical%20emergency,"Lagos, Nigeria","This man was seen fallen down in our community at Amje Alagbado Lagos this morning, very sick &amp; can not describe anyth…",1
4051,detonate,"Arkansas, USA","🔥🔥🔥 First in Series! 🔥🔥🔥 If he pursues his baby sister’s best friend, the princess with the sultry grey eyes, he’ll de…",0
1370,body%20bagging,O-Town Pennsylvania,#chiefs outscored #texans 51-7 after the 24-0 start. I think KC fans got mocked for saying we’d be different with… https://t.co/ZMUjU5WIt3,0
7237,mass%20murder,San Diego CA & Chiang Mai Thai,Do you have a source for that? Like I shared earlier. I am hearing otherwise. If what I am hearing is true…,0
1834,burned,,Giving birth is the second most painful thing a human can experience The first is being burned alive Respect Women 🙏…,0
8529,rescue,Vancouver Island,"Like many of you, we felt the need to do something to help Australia. For every RT this gets we’ll donate $0.50 to …",0
7084,lava,"San Diego, CA",Taal Volcano as seen its appearance on Katy Perry’s “Roar” music video is currently on Alert Level 4 &amp; continue to erup…,1
6197,harm,"Leeds, England","Finally, also massively important to note that all of these recommendations are intended to reduce harm and minimis… https://t.co/2KEMHIw2Qa",0
10710,violent%20storm,Arizona,"""Once Upon a Time in the West"", Monument Valley, 2011 ""Sunset, a double rainbow ( look carefully ) and the remnants of…",0
6364,heat%20wave,,"#LatestNews #Trending A January heat wave engulfed the eastern half of the country, toppling records - The Washingt… https://t.co/7sgZ2p0Y5T",1
1798,buildings%20on%20fire,near Detroit,Massive fire in New Jersey leaves thousands without power: U.S. media A massive fire engulfed many buildings in Bound B…,1
6598,hostage,,The US is a proxy for the Rothschild banking cartel. How else could they block Iraq's accounts? https://t.co/rOAD3GVBzx U…,0
4340,drown,,"hi, I wanna hit u so bad but at the same time I wanna drown u with kisses. 👉👈😔 ❤❤❤",0
6230,hazard,,I don't hear him asking for a job in the clip. There is a lot of guessing what H &amp; M have said or… https://t.co/WF1RF4Osjt,0
11218,wounds,𝑻𝑺,his baby side jumped out😭😭😭😭 #Ben_Wounds https://t.co/KzDSUMqYOf,0
3623,derail,,Govtshd provide employment to Hindus esp the Dalits to defuse the curren… https://t.co/M7dXNopgIT,0
2648,crash,Thailand,Eight British Tourists Injured after Passenger Van ... - https://t.co/2iS8XvAy5h - https://t.co/NOF8sXThN2 - -… https://t.co/qe31g4V1Xq,1
5055,evacuate,,"The #Taal Volcano, located 70km from the Philippines capital Manila, erupted on Sunday. With ash clouds blowing mor… https://t.co/qxsYvql4G1",1
7204,loud%20bang,,—and tonight this SWEET ANGEL BABY came in and her dad was walking her around the building to let her sniff stuff a… https://t.co/rHqSn9L87u,0
5779,flattened,"Jersey City, NJ",Puerto Rico is getting hit on the 10th anniversary of the earthquake that flattened Haiti. Could be the Caribbean… https://t.co/19ckL31fuB,1
2294,cliff%20fall,"New York, NY","British tourist, 21, dies falling off Australian cliff while taking selfie https://t.co/OI34bFgkiE",1
9577,stretcher,504334,I want him on a stretcher next time. https://t.co/E6Wt1lNmSR,0
2552,collision,Roblox,Showing off some cool stuff with the portals such as collision support and a… https://t.co/csnJXKADTC,0
1368,body%20bag,,I would like to wax my unconscious bag in THC and rub it all over your body.,0
234,annihilated,"West Midlands, England",Zero chance of any of those candidates winning the next election. The deluded hard left will… https://t.co/Xnurp3Teng,0
2578,collision,"South Carolina, USA",NotifyNYC: Vehicle Collision: Expect southbound traffic delays on the Cross Bronx Expressway at Marmion Avenue in T… https://t.co/XLqEDKQIl6,1
3354,deluge,,so right after debate deadline there's a deluge of polls showing Yang at 5%...,0
3120,death,Chandigarh,"WRONG. Intifada is Arabic. NOT Hebrew. And it IS an Islamic slogan! ""Intifada denotes struggle of Abu Ammar, first martyr o…",0
10585,twister,,NYAHHAHHAHAHA tongue twister,0
1021,blew%20up,"Lagos, Nigeria",Terry G blew up without controversies and in an era that social media wasn’t this engaging. Naira has Efcc and social media…,0
5028,evacuate,,Experts warned that the Taal volcano eruption could get worse and plans are being made to evacuate hundreds of thousands more…,1
7622,natural%20disaster,Canberra,Kind wishes to the badly flood-struck people of #Sistan and #Baluchistan provinces of #Iran. We are experie… https://t.co/oO4WDuClX8,1
8710,rioting,Belgium,"I’ve seen some really shitty tweets about the World Tour. Yeah, the situation is clearly NOT GOOD. But this will be somet…",0
1134,blizzard,"Orange County, CA.",VentureBeat: Blizzard is pushing World of Warcraft into the future with Visions of N'Zoth update https://t.co/iCk8HwlUhh by tolkoto,0
8868,sandstorm,,The final draft of hip sounds really sassy while this one sounds real sensual https://t.co/PwbH0j3TRo,0
6885,injury,"Creve Coeur, MO","I wish injury on no man, but coach always said Eyes to the Sky!!! Keep your head up while your tackling kids!!",0
1847,burned,ALP Being Exposed,WOW #THEIRABC have got them on speed dial. Miss at it again. This is the one who lied to #QLDPOL and… https://t.co/DRiPW593YM,0
9026,screams,Kansas,"*SCREAMS* LOOK AT HOW GOOOOD THIS LOOOKS *ugly sobs* thank you so so so SO much for this ;__; honestly, what a wonderful pers…",0
2038,casualties,,The feeling of brining down a kite successfully after various bouts is just as satisfying as zero casualties on a m… https://t.co/ytke0Zgj49,0
7887,obliteration,,"When we say, “Taylor Swift is the biggest pop star in the planet,” THIS is what we mean. A LITERAL OBLITERATION.",0
8999,screaming,Azania,As soon as God say yes they'll be screaming we made it 😂😂,0
7999,outbreak,Global,Disease outbreak news from the WHO: https://t.co/lPQHJnOyvv,0
10711,violent%20storm,"Cork, Ireland 🇮🇪",No mention of the violent storm that hit Cork or Kerry on Leo’s feed because of course anywhere outsid… https://t.co/swvqXF0OtU,0
2803,crushed,,"Now that Oko, the Protector is gone. I had several nightmares to be crushed by Titans &amp; Zombies. Hopefully this was… https://t.co/iEdZnfeiTw",0
10224,thunderstorm,"Atlanta, GA","WEATHER ALERT: Severe Thunderstorm Warning including Lake City SC, Scranton SC, Coward SC until 4:15 PM EST https://t.co/4U0frde03p",1
8379,rainstorm,Oregon (Lost Californian),"in my dream last night, there was this really cute girl who lived somewhere close to me and she had stars in her ey… https://t.co/uwd728dcVS",0
6506,hijacker,USA,Pelosi says Trump ‘impeached for life’ despite McConnell’s ‘coverup’ https://t.co/ZYYTFVyps8 Pathetic. This wannab… https://t.co/vmDbr6rgdO,0
8327,quarantined,My conscience : Me too,Women that do this to anything other than a dick are gross specimens who need to be quarantined https://t.co/7xnRsS1NXH,0
9198,sinking,,I escaped from a car sinking upside down in water. Spent the night in a Tauntaun. I have been trained to drive tactically…,1
7897,obliteration,"Berkeley, CA",OBLITERATION OF THE SELF https://t.co/vWp2vOWJT0,0
5684,first%20responders,"Alberta, Canada",When your Premier has to shove his petrosexuality down your throat constantly because it's the only thing that lubr… https://t.co/oZEehj4VsE,0
2226,chemical%20emergency,"Oakland, CA","Also, what do you think of this proposal to treat widespread abortion as a TRUE emergency that cd be all but elimi…",0
9052,screams,"piss bone, porch of gull",that last one really screams edgy kid from 2012,0
8665,riot,Destiny Islands/Oasis,⏰SORTEO FLASH 1000 RIOT POINTS⏰ Requisitos: -Follow () -RT &amp; FAV -Follow en twitch (https://t.co/gxYvIPYYUH)…,0
420,army,"Sarni, India","Avalanches hit Army &amp; BSF posts, 4 jawans rescued but 1 jawan is still missing. Bad weather hampers rescue operations. https:…",1
10919,weapon,Red Faction,"A clear sense of fascination graces his features, his eyes almost seem to sparkle at the sight of such a b… https://t.co/425RWx1pke",0
10673,upheaval,Middlesbrough,Schools should brace for five years of upheaval from a triumphant party with Gove at its heart https://t.co/dLB8aggaUW,0
4358,drown,23 • she / her,i forgive you but now we're gonna have to work way harder to drown out the noise,0
1485,bomb,,"weird but I feel kinda excited for the next bangtan bomb to come out. wanna see them subs again, this sht exciting",0
7536,mudslide,,"Not a wine person, but I can tell you that they do not go with Midori Sours. Chocolate chip cookies go best with a mudslide.",0
2885,curfew,206,"“I’m on curfew, girl.” https://t.co/qtNnfNNJB3",0
55,accident,"Melbourne, Australia",I actually posted this by accident to twitter but have decided this can stay,0
9962,survivors,Pearl of Africa,"Did you know that, Violence against women unabated despite laws &amp; polices to protect victims &amp; survivors.",0
4667,electrocute,West coast True north  i stan juggalos,Dont electrocute yourself.,0
3410,demolish,Ethiopia,"honestly I don't know really what you're getting out of this struggle of urs, but I bet you forget a… https://t.co/cgNuPh5xMe",0
4377,drown,"Los Angeles, CA",i died and they watched me burn and drown https://t.co/K0O3ZxL6E6,0
2103,catastrophe,"Perth, Western Australia","""'I think I see one over there—I’ll just loop around,' said Wightman as his vehicle’s exhaust system released the last q…",0
296,annihilation,"Henderson, NV","Like the Iran/Iraq war, I root for mutual annihilation https://t.co/x5Gv676NEY",1
4885,emergency%20services,Kendal via Carlisle/Manchester,"Cumbria County Council is refusing to reveal the full cost of a new base for south Cumbria's emergency services, as… https://t.co/q302A3gBPb",0
7634,nuclear%20disaster,,"9 years after “Fukushima” became synonymous with nuclear disaster, the area will help kick off the 2020 Summer Olympics i…",0
7358,mass%20murderer,Mind your own fucking business,Paxton 'Graveyard' McCreary [to Wayne Szybunka]: Our time will come. Just don't do anything stupid. #The100 Season 5 P…,0
2152,catastrophic,"Pretoria, South Africa",Top 5 Ernesto Valverde offenses • Anti-Cruffyian football • Catastrophic unforgivable nights in Rome &amp; Liverpool • Ruine…,0
2122,catastrophic,,"Australia's catastrophic bushfires and the smoke haze blanketing major cities have sparked concerns among international students,…",1
8231,quarantine,,"Oh... Well, Lunalu is fine, then. She just needs to be kept under quarantine. Maybe inside a bubble... Or just a… https://t.co/2jYkzZ1YnN",0
6234,hazard,soup,for the last time stop calling wen ning a PUBLIC HEALTH HAZARD he is my BUSINESS PARTNER,0
5959,forest%20fire,"Province of Vladimir, Russia","She can’t engage in open discourse, because if you give the truth oxygen, it turns into a forest fire. https://t.co/a8Bcea…",0
1525,bombed,,"Among the far-left American terrorist groups that flourished from the ’60s through the ’80s, none were more extreme or v…",0
3073,dead,,Over the past week I spent an hour a day learning golang. I wrote a custom SSH daemon to intercept and authorize SSH public ke…,0
2658,crash,GORAKHPUR,'Crash' course for bollywood - Never stand with the anti-national leftist goons in the name of activism and protest cu…,0
3426,demolish,Washington,#Israel to Demolish Homes of #Palestinian #Prisoners in #WestBank #WarCrimes https://t.co/oH3gkSXvY0 via… https://t.co/FlPH3H1bOO,1
5700,flames,,"Communal violence in Telangana's Bhainsa: -Stone pelting -Vehicles set on fire -Now, media reported 18 houses set on fire…",1
1912,burning,Germany,Wanna take a quick peek at My Burning Heart's #voiceacting? Check out #YouTube video showcasing it! #visualnove…,0
2176,catastrophic,,😩😩🤭🤭🤭That’s catastrophic 💔💔💔,0
1312,body%20bag,"Oyugis, Kenya","The body of a 10-year old girl who was reported missing from their Kayole home, Nairobi in September last year was yest…",1
2973,damage,くるくる椅子,Swimming In Love[EXT 6.95] Sense of the Scamper[MAS 7.15] SIX DIMENSION[ADV 7.30] Excavation Damage[MAS 7.55],0
7727,nuclear%20reactor,they/them subject to change,"Makes one reactor, one reactor blows up. Well I guess nuclear energy is off the table huh guy… https://t.co/EOwNFPrlyo",0
1777,buildings%20on%20fire,"New York, New York","Nearly 12 hours after this fire began, crews are STILL at the scene hosing down buildings to keep neighbors out of har…",1
8372,rainstorm,Northeast Florida,My truck needs a snorkel #dubai #flood #rainstorm https://t.co/FqVOu0h8nR,1
2317,collapse,,A system built on slavery from you feeling a strong sense of entitled to the pretend loya… https://t.co/cwje7sSdxl,0
678,avalanche,"Oregon, USA",Snowmobiler dies in Eastern Oregon avalanche - KTVZ https://t.co/CnJoXRE0pD,1
697,avalanche,"San Francisco, CA","And both my Senators are firmly on the Trump train. I STILL call and email and raise my voice, even whe…",0
3750,derailment,UK,Hi Simon. I do apologise for the disruption. Due to a freight train derailment in the Hitchin area… https://t.co/6jonuyxaxu,1
912,blazing,"Calgary, Alberta",🚨Announcing #Bengals 2020 South squad WR group: Edwards- Underrated Johnson- Enormous Jennings- Aggressive Ai…,0
102,aftershock,,Apex is all about separating from Monarch. They’re “separation. Well from my theory on how MechaGod… https://t.co/aBzDKqocPv,0
8369,radiation%20emergency,,The warned everybody FOUR years ago about this issue: https://t.co/kyFaXIL589 Doug… https://t.co/jbtEv51WD2,0
4258,displaced,,Nearby nonprofit housing displaced families from Alpine Motel Apartments fire - FOX5 Las Vegas https://t.co/bWXjxE6zsH #…,1
5402,fatalities,,"2009 bushfires in Victoria: - 173 fatalities - Labor Govt &amp; Kevin Rudd - Caused by arson, power lines, lightning -… https://t.co/pQSo7nVFuk",1
4420,drowned,"Mafikeng, South Africa","I saved a baby’s life today 😇 I haven’t touched a patient in 5 years, but I performed CPR on a toddler who had just drowned…",1
4901,engulfed,,“Engulfed by the flames Engulfed in the shame Betrayed by your imagination” #RareOutNow 🖤 https://t.co/y3pe1ErUd0,0
2411,collapsed,"Mpumalanga, South Africa","The situation is a complex one. Although mdc is in charge of the council, their work is largely hampered by… https://t.co/iae8qxNSLp",0
7063,landslide,"Hyderabad, India",We wanted to entertain you all with a good movie on Sankranthi festival. And you gave us a Landslide Victory as return gift…,0
7903,obliteration,in ur app makin u sad,"Yes. I’m a writer; EVERY word is precious. I’m willing to lose none of them to obliteration of meaning, least of all “…",0
425,army,,"ARMY, what year did bighit acquire you?",0
1498,bomb,texas,Bangtan bomb has Eng Sub!!!!!! So happy!!! Bighit finally listened to us!,0
6678,hostages,Egypt,"Many people live as hostages to their past , the past should be a platform to jump to the future not a sofa to relax .…",0
1328,body%20bag,"Benin-City, Nigeria","Karma is bad ""psychosis"" affects HellElrufai brain to process information, it causes him to lose touc… https://t.co/eZGrLEU6aQ",0
2657,crash,"mx, nct, loona, wayv, day6, +",bro how is my internet gonna crash in a middle of a league match??? 🥶🥶,0
1443,body%20bags,,Citizens To Gun Grabbing Governor: 'Order Body Bags' https://t.co/TZjAeT7kL1 via,0
4063,detonate,"Jakarta, Indonesia","Students don't always know how to recognize phishing emails. Luckily, Microsoft Advanced Threat Protection can reco… https://t.co/NRlMWLvcR4",0
4742,emergency,Exeter,"I don’t know if it’s the climate emergency, #Megxit or the terrible state of world politics, but I’m seeing a lot o… https://t.co/GNrwu5GOLR",0
7120,lightning,"Vancouver, British Columbia",And another weird consequence of writing and learning win32 so deeply was that at one point I replaced explorer.exe… https://t.co/0zXnRguTVl,0
1364,body%20bag,"Kilkenny, Ireland",Gardai launch murder inquiry after body parts found in bag https://t.co/BvQFjKLjPg,1
6566,hostage,,"Pervez Musharraf once said constitution is just a piece of paper which should be thrown in a dustbin, Lahore High Court…",0
4177,disaster,,"In this time of disaster, our government should be giving away quality face mask for FREE to everyone. Being safe from thi…",0
10707,violent%20storm,,this storm is violent af. bathong.,1
5442,fatality,An Uber Away,You’ve been warned...any injury or god forbid fatality is squarely on your shoulders … https://t.co/miEnQPhCxm,0
10827,war%20zone,,Obviously. It's a potential war zone.,0
7567,mudslide,Philippines,"Do you know lahar or mudslide? Also, may incoming weather disturbance if you're just checking facts https://t.co/GSp32DYkJZ",0
5565,fire,SB19 Hearts,Now the fire in me has started you'll be in my zone A'TIN: #ALABTopSpotONMYX #PUSHAwardsATIN… https://t.co/2e6dPQ9fNN,0
10650,upheaval,"Brighton, England",Schools should brace for five years of upheaval from a triumphant party with Gove at its heart | Teaching | The Gua… https://t.co/qonp7HoWEh,0
571,attack,Berlin,#Kashmir DSP Davinder Singh's dramatic arrest with 2 militants has created big national security questions for India: E…,0
9280,sirens,,kick me - sleeping with sirens,0
8807,ruin,,Just remember... Don’t let a few minutes of sadness ruin a whole day of happiness. 🤍,0
9788,sunk,,"Australia disregarded Iran's neutrality during WWII, attacked Iranian navy &amp; sunk a ship helping invasion of southern Iran by B…",1
7085,lava,"Kokkola/Suomi, Karleby/Finland",VIDEO: Volcano in the Galapagos erupts. Lava and smoke belches out of a volcano on Fernandina island in the Galapagos. Althoug…,1
5458,fatality,,Everyone stfu! I have news... Sometimes Raiden calls me lovely and that hit me right in the gay. But the fatality… https://t.co/f0e0NhZXUR,0
5409,fatalities,Florida,Florida reported 858 deaths related to meth alone during 2017 and 619 in 2018. St. Petersburg and Leesburg led the death…,1
2524,collided,The Moon,YESSSSSSS MY TWO WORLDS HAVE COLLIDED https://t.co/nU5CKNH3de,0
2501,collided,"Assam, India",!!! 2013/14 YOUTUBE COVER LISTENING WORLDS AND BTS HAVE COLLIDED!!!,0
7544,mudslide,,Avalanche...landslide...mudslide...volley...flood...rain...torrent...tide...snow...ice...rock...wave...crack...faul… https://t.co/fVcyulBg7c,0
4965,engulfed,between some bigass cheeks,I like micro fats a lot Like just a teeny tiny blob the size of your hand that you can pick up and hold like a ball Or…,0
6175,harm,"Kuala Lumpur, Malaysia","📄 SPOTLIGHT: In our latest AFC on The Right To Sexuality, Sana Tajuddin from writes on the need to addre… https://t.co/7pcQzPbURr",0
6281,hazardous,,"❗Please note: pic is from Sunday. I used cause… the air was toxic on Sunday too, only a tiny bit less. It’s been ha… https://t.co/a8VKuJTN05",0
4427,drowned,,Looks like old mate on the stirrer drowned your effluent pump while he was at it 😂,0
4751,emergency,www.alvarycreatives.com,Queen Elizabeth speaks out on Harry and Meghan after emergency meeting https://t.co/bkISNQsVS8 https://t.co/LKLKU2Z2TP,0
10173,thunderstorm,,There's something about storms that I just love. Currently sitting on my balcony watching a massive thunderstorm at 3 am. I have problems,1
3817,desolate,United States Air Force,"bubby finally gonna help with desolate while i don’t have a computer, i’m excited",0
6307,hazardous,,Can... We... Please... Stop... Calling... It... SMOKE HAZE... It’s HAZARDOUS AIR... &amp; it’s inflicting multi generatio…,0
4198,displaced,"California, USA, Earth","Thousands in #PuertoRico still don't have permanent shelter after a 6.4 magnitude #earthquake, the strongest earthquake i…",1
11264,wreck,Here,It has to be and Experienced and she’s the Tiger we need beside h…,0
7735,nuclear%20reactor,"Bellingham, WA",Stay huddled up next to each other. Buddy does that to me and his big ass is a nuclear reactor. Keeps me too warm!,0
6324,heat%20wave,Watching The Moon,A Tropical Heat Wave. Zero Degree.,0
11086,wildfire,"Chennai, India",This Much He Makes In Minutes': Jeff Bezos Roasted For Wildfire Donation https://t.co/dGJvaSsbK0,0
516,arsonist,"Bengaluru, India","In Bhainsa of Nirmal district(Telangana), stone pelter and arsonist mobs have selectively targeted hindu properties, v…",0
3886,destroy,"West Midlands, England",Macron has his globalists buddies giving instructions to destroy any sence of freedom.,0
8642,rescuers,"Melbourne, Australia",PSA: There is a show on Netflix called Kitten Rescuers. This is Matt. He rescues kittens. https://t.co/A86yTNQLJD,0
23,ablaze,"` ˗ˏˋ i'm⠀waiting⠀for⠀you⠀to⠀pour⠀my⠀𝘀𝗶𝗻𝘀⠀onto⠀me⠀;⠀call⠀me⠀your⠀𝘭𝘰𝘷𝘦𝘳⠀whispering⠀hymns⠀to⠀my⠀ear⠀,⠀crucify⠀me⠀in⠀claims⠀of⠀praising⠀me .","⠀⠀When you walk through the fire, ⠀⠀you will not be scorched, and the ⠀⠀flames will not set you ablaze. ──── product…",0
9417,snowstorm,FRANCE (44500)_Tél : 06.70.83.32.58,Aftermath of the most recent Kamchatka rescue when a group of 14 adults &amp; 4 children was taken off top of Mutnovsky vol…,1
4458,drowned,Coastal Maine,Who - Drowned #Phish #RescueSquad https://t.co/s9i3jkbCBt,0
4078,detonate,England Is My City,"Morocco allegedly offered GWB 3,000 monkeys to help detonate landmines in the Iraq War, but this might work just as well.",1
5697,flames,Head Office London UK,They know just trying to fan the… https://t.co/j9umzqlwhg,0
2734,crashed,,THE WAY IT JUST CUTS OFF WHEN THEY ALMOST CRASHED INTO THE TREE I CANTJFJDJD THIS SENDS https://t.co/TLtII8XWbL,0
5297,famine,,2010-19 seasons have been such a strange decade for the #49ers 80-79-1 record Four 10 win seasons Five 10 loss seasons F…,0
5838,flood,,Please watch this and flood the comment section with #KaoRhys! Ipakita ang excitement sa #ToChiko at #HesIntoHer! Link:…,0
7217,loud%20bang,Joy and the Laughter 💙,"(So for this one imma do her and her boyfriend then the together one) GANG, GANG, BANG, BANG A girl… https://t.co/OPAPnzwuqF",0
5344,fatal,https://r.kraken.com/ND5jP,Your hopes will go up in smoke. will lead the crypto market.He is the undisputed leader who is revolutionizing the…,0
5991,forest%20fires,,And this. Worth reading. https://t.co/oe3382UzTT,0
4833,emergency%20services,SYD / YYZ,"In response to the current #bushfirecrisis, is extending and increasing emergency veterinary services for anima…",0
10374,trapped,,Professor Icarus (2015) - charming - manipulative - cagey - ended up trapped in a ley line but seemed pretty chi… https://t.co/KcpJoSDKLR,0
5347,fatal,Berlin,"At the Embassy of Ukraine in Dublin, President Higgins today signed the book of condolence for the victims of the fatal c…",0
1028,blew%20up,"Stockholm, Sverige","taehyung and jungkook watching parasite, an oscar nominated film, late at night in jungkook's hometown way before it blew up in…",0
8488,refugees,"South Africa, Helltopia",Now if only us whites who are persecuted by the anti-white commie gov here in South Africa could cross that border… https://t.co/Lo3hxcELxo,0
3201,deaths,"Sheffield, England","Air pollution is predicted to cause 15,000 deaths in Yorkshire by 2030 - with 1,430 in Sheffield alone. These deaths ca…",0
2712,crashed,England,Meteorite that crashed in 1969 found to contain 'most ancient matter on Earth' https://t.co/phPrIy3au8,0
6304,hazardous,"Melbourne, Victoria",Melbourne air quality drops to 'hazardous' levels as bushfire smoke lingers over Victoria https://t.co/m1L1YhSgFr via,1
7627,nuclear%20disaster,"Snohomish County, WA",The PM is accurate.Trump pulling out of the JCPOA started this disaster. He pulled out because Oba…,0
3865,destroy,Ishiyama High,"""Let me tell you something good... Beel won't destroy the human world, Do you know why? It's because I'm his parent… https://t.co/H5iBsk2BxX",0
557,attack,"Winterfell, Westeros",DSP Davinder Singh worked for JeM terrorists for money for decades. He admitted to torturing Afzal Guru whom he allegedly…,0
4685,electrocute,18+,I would help you I think we should electrocute him,0
4516,drowning,Over the seas,"you don’t see the signs til you’re drowning, then you’ll be looking like soaked bread.",0
10162,thunder,Virginia,"Literally just heard the loudest thunder, it shook the house and woke up the whole family. 😳",1
96,aftershock,DEPRESSED VIBES,nah I need calm down 💀 https://t.co/eOKphShN5R,0
2387,collapsed,,"Let’s see what Peter’s accomplished Got knocked around into buses and hit by a bus by Shocker, part o… https://t.co/Ph6Jfr8SOM",0
1776,buildings%20on%20fire,Unknown,"An enormous fire on Sunday engulfed two apartment buildings that were under construction in Bound Brook, New Jersey, sowing pa…",1
3815,desolate,,"-seeing things now. ""Well, I'll leave you to it. I know you like your privacy for this."" His footfal… https://t.co/smnsHu7WTW",0
8355,radiation%20emergency,St Joseph de Beauce,Who is responsible for sending/did send the emergency alert regarding a critical radiation incident at Pickering Power Pla…,0
10059,terrorist,,"We did not vandalize the Little Mermaid, but still we apologize for others' thoughtless action #HongKong #StandWithHongKong…",0
917,blazing,,Eating ice cream underneath the blazing hot sun is just 🙆🏻💛,0
3328,deluge,Mexico,Increased fertility from IQ-gap income-premium wont stem the deluge of incontinent Dimwit reproduction… https://t.co/RFrJLrxBL2,0
6127,hailstorm,,"i hate to take pictures , but you could see 1000 videos tho 😰🥰 https://t.co/2XgpZzFeom",0
4541,drowning,Worldwide,Alura is trying to keep her head above water while drowning... ! See all … ! &gt;&gt; https://t.co/nBFixrPcM9 &lt;&lt; https://t.co/wlUsfOoVwY,0
4975,engulfed,,she lets out a small giggle as she nuzzles her face into the crook of his neck ; allowing her body to… https://t.co/6JAXHGBquh,0
2297,cliff%20fall,,"True, but I was speaking more to the fact that Cam’s career didn’t fall off a cliff after 2015 as man… https://t.co/w6mTX19DgE",0
10736,violent%20storm,"Miami, FL",Squally showers from #StormBrendan could bring strong convective gusts to affecting the portions of the #Ireland wi… https://t.co/VpDqSjlMaC,1
5561,fire,Nairobi,The president can't not fire Mwangi Kiunjuri and we can prove this. #system ya farts. Ama vipi,0
9449,storm,10880 мαℓιвυ ρσιит,No matter how much big grosser gives with help of EDX but he's brand will always remain much much lower …,0
10099,threat,"Bay Area - San Francisco, CA",to recap: Trump is a genius but you can't see his grades Trump is healthy but you can't see his medical report Trump i…,0
10367,trapped,,I have to sneak in and out of my house after a certain time solely because my dog will literally wake up the entire… https://t.co/DZiDBDcsp9,0
1954,bush%20fires,Australia,All animals will survive &amp; increase they have in the 6 bush fires I have experienced in Australia &amp; vegetation reg… https://t.co/YyPLUu0Gko,1
4583,dust%20storm,USA,Judge Judy and Mike Bloomberg in central Texas yesterday. 👇🏻 Settle down everybody. You just might kick up a dust storm…,0
1694,buildings%20burning,Yes,"This paragraph slaps though like goddamn ""these huge buildings are always burning with the implacable fires of huma… https://t.co/fwtm21TK2V",0
9121,seismic,Puerto Rico & Spain,that's one thing you will only probably get once the seismic crisis is over and scienti… https://t.co/VzM2amVRCb,0
11358,wrecked,gguk's pocket ♡,i get wrecked too smh 🤡 my biases in skz are the aussie line and my bias wrecker in minho and my b… https://t.co/uY2ZtDUKU7,0
3238,deaths,,Police officers like Davinder Singh who swear by this country and it's Constitution deserve a public hanging if found guilt…,0
9298,sirens,jikook & txt,&gt; Kellin Quinn; Sleeping with sirens &gt; 2015 &gt; Warped Tour https://t.co/GmnhVDBlqA,0
9259,sirens,,"darkness sirens time to time shaking of the ground no electricity no water no signal tough days mare,, pero kalma lang",0
6078,hail,"Jackson, KY",Showers and a few storms will affect the area early this morning with cloud to ground lightning and small hail the… https://t.co/CdHmXjeiF9,1
11066,wildfire,"New York, NY","Climate change increases the risk of wildfires, confirms new review: Physorg https://t.co/RWCFKWYCBe MORE w/ EcoSe… https://t.co/bsXeIRBjqm",0
5139,explode,,Respect is the key. I want people to be HONEST with me. I'm really too old for shitty mind games. If som… https://t.co/PzbiTlz2gP,0
86,aftershock,ethers,Puerto Rico hit by another 5.9 magnitude aftershock - KYMA https://t.co/lRTLlbB9TV,1
10178,thunderstorm,"New Delhi, India","Isolated thunderstorm accompanied with hail/lightning also likely over Punjab, Haryana, Chandigarh, Rajasthan, Utta… https://t.co/4Uv0nHHgSO",1
3979,destruction,,"All destruction aside, this is beautiful https://t.co/lhTo2YLVWz",0
7533,mudslide,He/Him,On the verge of dropping a mudslide in my undies because lobster man told me to eat only meat,0
1849,burned,Port Harcourt,"This is how Gap teeth should look like,Not that burned boli Torolate teeth😂😂😂 I come in peace✌✌ #4DaysToTitansCollections #…",0
5622,fire%20truck,,"In the rush to leave the fire-affected area in the South Coast, Henry left his favourite toy garbage truck behind. Stephen…",0
9106,seismic,University of Leicester,All 6 stations are now installed in Puerto Rico! I'm so proud of the work done by this field crew. Way to go 💪,0
4372,drown,"England, United Kingdom",sketch trade for he draw super nice super BIG girls check him out or drown in spaghetti https://t.co/ZjAmEqHQv7,0
9731,suicide%20bombing,,Sure...let’s let your suicide Bombing brothers in.,0
6017,forest%20fires,"Brisbane, Australia",How good is destroying the planet and killing people through carbon emissions and forest fires?… https://t.co/BmorRrbAZF,0
9408,snowstorm,"Lake Country, Canada",iN VIDEO: Elderly woman filmed riding mobility scooter on roadway during Kamloops snowstorm #Kamloops #BCStorm …,0
11026,wild%20fires,"Sydney, Australia","“When people talk ab these fires,they speak of being overwhelmed by the enormity of the devastation.We don’t have t… https://t.co/tZZTI4GOLj",0
3516,demolition,Palestine,The planned demolition of #Palestinian houses in #Hebron besides to the planned release of a Palestinian #prisoner… https://t.co/GfDbX1NH3P,0
4265,drought,"Bangkok, Thailand","“Inaction will only lead to more severe &amp; extreme weather events, land degradation &amp; deforestation, loss of biodiversity, polluti…",0
10759,volcano,"San Pedro, Calabarzon","For those who would like to extend help to various communities affected by the Taal Volcano eruption, you may refer to d…",0
6372,hellfire,"City of London, London",This paragraph tells you all you need to know about this non-story. They get fired up over the use of… https://t.co/uNwVQXi0Cs,0
940,blazing,sandbach cheshire,"Our OD team is certainly trail blazing. A fabulous team , doing great things. This will be someone’s dream job https:…",0
6414,hellfire,جنة الفردوس,"Ya Allah, forgive my brothers &amp; sisters for their sins &amp; save them from the hellfire, the trials of this life &amp; punishmen…",0
1699,buildings%20burning,the dirty dirty,How could you say something like that? Politics aside Corey Booker is a stand up human bein… https://t.co/5mD9ze1MPD,0
5319,famine,Takara,Going back through my works serves as a reminder that I adore writing. I've been so focused on my characters that I… https://t.co/ShVURxegXT,0
5110,evacuation,"Pasig City, Philippines","Leviste: Organize ang evacuation centers, very supportive ang ating local units",0
8927,screamed,India,The faltered memory of a haunted past screamed in my head through the silence. But you kissed me until the pain cease to exist…,0
7321,mass%20murderer,NAIROBI-KENYA,Burning your body fat makes you a mass murderer.,0
3162,death,Website Launch TBA,"Spoke today with the Foreign Minister of #Oman, Yusuf bin Alawi bin Abdullah and expressed my condolences on the death of Su…",0
9262,sirens,"Florida, USA",Loudwire: TOUR: SWStheband book co-headline tour with amityaffliction: https://t.co/Y9SXAzc01U,0
6675,hostages,BFN,I’m just trying to understand a stranger... but you admit that your purpose h… https://t.co/nCmA1An3c0,0
1323,body%20bag,,"""Body parts found in bag in Coolock, north Dublin. The investigation is still at a very early stage, but gardai are tre…",1
8459,refugees,,"40,000 non-muslim refugees have been detected by Uttar Pradesh government in just 19 districts. Pilibhit alone has more than…",1
5312,famine,United States,"Riff Rundown: Between the Buried and Me's ""Famine Wolf"" https://t.co/mxumEisuCu",0
1247,bloody,"Mannheim, Germany",Taiwan President Tsai Ing-wen's speech: People joining legal demonstration will be protected by police. We are free fr…,0
4857,emergency%20services,South Africa - KZN,Gauteng Helicopter Emergency Medical Services: Netcare 8 a specialised helicopter ambulance has been activated for… https://t.co/xFgFmxwazh,1
3541,demolition,Chikkamagaluru / Bengaluru,Jayadeva flyover main loop demolition to begin on Jan 16th. you were right. https://t.co/tvr3wtSJH7,0
8402,razed,Pale Blue Dot.,Not nearly enough. Not that money will ever bring back spe… https://t.co/guMR142crF,0
5975,forest%20fire,,"., why did you suddenly delete this news story? The public can't trust your reporting if editors in the future…",0
1598,bombing,,"#Yemen Article/Video April 1, 2019 The US backed Saudi Coalition have been bombing and starving civilian in Yemen to force t…",1
1139,blizzard,"Madison, Wisconsin",The Blizzard that wasn't and the Futility of Doomsday Climate Predictions https://t.co/B3tv8w0S0Z #WIBAnews,0
17,ablaze,,Rengoku sets my heart ablaze😔❤️🔥 P.s. I missed this style of coloring I do so here it is c: #鬼滅の刃 https://t.co/YrUF9g68s0,0
4867,emergency%20services,"nigeria, yeneg",Emergency services called to a collision on the #M20 near #Maidstone Read More on this: https://t.co/JiRcce7U8m . UK News…,1
11045,wild%20fires,,What could he have done differently?! I'm not saying he was right or wrong BUT in order to do better next…,1
8052,panic,"west coast, Canada","On this date January 13 in 2018, a false emergency alert warning of an impending missile strike in Hawaii caused wides…",1
6289,hazardous,,Hazardous air quality 😔😔😔 not untrue because this air is so bad https://t.co/i2ZLoCwXi3,1
6450,hijack,lagos,I don't know where most people under this tweet hear or see Agbero vote before .. Tinubu have never encourage Agber… https://t.co/EKV7CUjqrd,0
4206,displaced,"Bath, England",Routine plate fixation of displaced midshaft #clavicle #fractures is not cost-effective say surgeons. They su…,0
1023,blew%20up,,#AfricaKwetu Late Commander Fred Nkuranga Rubereza. One of the greatest heroes of the NRA/UPDF passed away in 1981… https://t.co/8zH6SqSJAe,0
2011,casualties,Prison,This was a war with a lot of casualties... https://t.co/psClEvdhgZ,1
9254,sirens,,sirens in greek mythology really just be beautiful immortal ladies chilling in the water with their titties out waiting for…,0
8361,radiation%20emergency,"Louisville, Ky",Fucking Hell if there was no radiation leak why tf did we just get woken up by the emergency alert system phone siren?? I ha…,0
3156,death,,The eighth death anniversary of Arfa Karim is being observed today. Brilliant girls like Arfa Karim are a ray of hope…,0
148,airplane%20accident,"Sachse, Texas","Perhaps prodded by others, Zelensky decides Ukraine has nothing to lose by piling onto Iran. Never seen so many op… https://t.co/bvZj33dZEp",0
10622,typhoon,India,. #Finland #HXChallenge #Typhoon:: Finnish Air Force Commences Eurofig… https://t.co/GTO2myiDM2,0
6791,injured,,"A child, little Richard Clarke, 7 years old, was murdered on 14th January, by a bomb placed in a ventilator and a lady was in…",1
1164,blood,universe,After talking blood from Rohit Sharma's wkt,0
1152,blizzard,"Crenshaw,CA•Beaumont/Hou,TX",🚨🚨WINTER ‘20 IS HERE!🚨🚨 Introducing the “Blizzard Bomber”🔥🔥🔥🚨🚨 Drops online at https://t.co/vL5mRSTof6 tomorrow! Also…,0
7856,obliterated,Dubai - Beirut,Can we build a civil nation in Lebanon and enjoy the reaps of our efforts before being obliterated by climate chang… https://t.co/vABNEPSgA6,0
10817,war%20zone,Here,The court room is not a place of feelings. It's a war zone. A mental war zone. If you aren't fit t… https://t.co/8P1HrzuJa5,0
11190,wounds,,"THE LOVELOCK- A Suspenseful &amp; Sensual Love Story Time heals all wounds, right? So, what about broken hearts? Is happin…",0
2312,collapse,Tatala Binangonan Rizal,"Eduardo Degrano looks at the damage to his home after a fissure formed underneath his ancestral house. In a nearby house, owne…",0
10772,volcano,PUPUNTA ANG PILIPINAS SA BTS,"KMEDIA: Park Seo-joon, #BTSV, joined the Philippine volcano in its prayers. Insta hashtag movement. Park Seo-joon and B…",0
7941,oil%20spill,Philadelphia,"A bill to ease regulations for PA's conventional oil and gas industry will be vetoed if it passes as drafted, Gov. Wolf sa…",0
185,airplane%20accident,,The Iranians chose the day and time to send missiles inside Iraq and they also controlled the… https://t.co/EhjP8cNlW4,0
6706,hurricane,,"Trump says there was an imminent threat, but there wasn’t. Trump said Alabama was in the path of Hurricane Dorian, but…",0
671,avalanche,"New York, USA",read everything Avalanche here! https://t.co/k1cBbCmrh3 #followtrain,0
3975,destruction,"Montgomeryville, PA","For more than 50 years, Big Oil knew their products caused climate change. But instead of warning the public, they lied t…",0
7752,nuclear%20reactor,,Control rod mistakenly removed from Ikata reactor in Ehime during maintenance | The Japan Times https://t.co/UPMp1CGM6x,1
623,attacked,BTS World,I feel attacked. https://t.co/jy5jPhzhEy,0
5911,flooding,"Melbourne, Victoria",How good is it when the supercoach podcasts come flooding in? My favourite time of year 🥰,0
1678,bridge%20collapse,"Beacon Falls, CT",Human error and poor engineering caused that bridge to collapse. Nothing but fear mongering.…,0
8794,ruin,Nadi/Lautoka,"Not today, just cleaned + meds over the next few days to bring down the swelling then attempt surg… https://t.co/f2Q8Dl99ZF",0
5567,fire,An Australian increasingly more concerned about democracy in Australia.,Rain is expected to fall across NSW this week particularly along the Great Dividing Range which has experienced a lot of fire…,0
3192,deaths,,A temperature increase of 1.5 degrees Celsius or 2.7 degrees Fahrenheit — as predicted under the Paris Climate Agreement without a…,0
7337,mass%20murderer,"Owerri, Nigeria","THREAD 1) , a known #Iran apologist with a history of publishing talking points in the , c…",0
5556,fear,,"Accept your past without regret, handle your present with confidence, and face your future without fear.",0
3239,deaths,,... &amp; it's these very people that should be blaming THEMSELVES for the mess we're in. You stupid STUPID people put the LNP…,0
7195,loud%20bang,𝙏𝙃𝙀 𝙎𝙏𝘼𝙍𝙎💫,❝ I- I'm not scared! Whaddya take me for? Some kind of baby? ❞ That came out louder than she mean… https://t.co/LzPcWrStzi,0
3186,deaths,,Deaths toll Increase 47 killed due to Heavy Snow and #avalunch in #NeelumValley #Pakistan administered #Kashmir,1
10582,twister,,Elaine Duran () also took on our Tongue Twister Challenge to remind us to pause before you post! #PushAwar…,0
2409,collapsed,"New Delhi, India","Govt is taking populist measures in the name of #digitalindia. For instance, digital locker facility is useless if gov…",0
4466,drowning,Cairo,“You were like a breath of fresh air. It’s like I was drowning and you saved me.” - Derek Shepherd,0
4531,drowning,Durban,3 children die in separate KZN drowning incidents https://t.co/Ha1PoOcgAv | https://t.co/uX2dUraIu1,1
2802,crushed,,The day we trust our Government again is the day this treasonous liar is removed from office. Will courageous Republican…,0
10160,thunder,"Godalming, England",Tomorrow evening into the early hours of Wednesday morning could be interesting. An active cold front moving east is likely…,0
4923,engulfed,"Chicago, IL",The title of David Sedaris’s book When You’re Engulfed in Flames speaks to me on a deeply personal level.,0
8055,panic,btsloona || she/her,PLSSS THE WAY YEOJIN MADE EVERYONE PANIC WHEN A PIECE OF FLUFF SCARED HER https://t.co/gpetxOOeTk,0
6776,injured,Ohio River Valley,"Iran Protests: 1,500 killed 5,000 Injured 7,000 arrested Reactions: U.N: 0 Resolutions,Urgent Sessions, or Commission…",1
6529,hijacking,,Cable Haunt: Hundreds of millions of cable modems may be vulnerable to hijacking attack https://t.co/2q2At6bwt8,1
70,aftershock,Czech Republic,Yea it wasnt that long she killed me in like 6 or 7 seconds but not sure would have to… https://t.co/pexyxYJoFM,0
9215,sinking,Kenya,2 little 2 late. Jubilee is a sinking ship. Uhuru is living in denial..he refuses to listen to wise coun… https://t.co/66lyJQYdsb,0
5572,fire,,Baby wallabies find sanctuary after being rescued from Australia fire. https://t.co/VkmmkTEkGj,0
7144,lightning,"Las Vegas, NV",2013 Roulot Luchets Meursault is lightning in a bottle. Tons of Chablisienne acidity. The nerve is enclosed by gorgeous ri…,0
1648,bridge%20collapse,Chicago-Los Angeles-New York,"Collapse of Route 14, Coamo, Puerto Rico - Hanging Bridge https://t.co/QlD2J0KFtw",0
9642,suicide%20bomb,Boston USA,Trump will have to send Conan and some of his bomb-sniffing friends to the Capitol to make s…,0
10978,weapons,Iran,The Iranian people cannot do anything without weapons and rifles. They treat people very barely.,1
1032,blew%20up,Airborne,After you blew up stage 7. https://t.co/1GcoMwArIe,0
6581,hostage,,"She likes to be held hostage most winters, because it's such a saving on the central heating. https://t.co/IOUuFVZICp",0
8016,pandemonium,Lesotho,😂😂😂😂 false alarm....?!,0
11286,wreck,"Plymouth, Devon, UK",With the night that's in it - some stormy Plymouth and around images seem appropriate #StormBrenden from …,0
1294,blown%20up,Metaverse,can this get blown up please 😭😭😭😭 https://t.co/MdBa1QjRUk,0
8670,riot,"Queensland, Australia",A pretty damn good lineup of actual celebrities on DWTS this year. But if doesn’t win we riot. We mus… https://t.co/UWzHuc8YrD,0
9848,survive,,#JUSTICEFORX1 ONE ITs! Do not be discouraged when announcements of solo activities appear. Solo activities does not eq…,0
2527,collided,"Pella,Ancient Macedonia,Greece","The 1st detection of two black holes merging was made in 2015. They collided moving at over half the speed of light, and tota…",0
4913,engulfed,"Manhattan, NY",The native doctor called CJN and the rascal called AGF cannot stand you in physique and intellect unfortun… https://t.co/ruOsqeccfv,0
2417,collapsed,"Orlando, FL","The Ravens collapsed, while the Chiefs survived an early onslaught. How did we get here, and what comes next? https://t.co/m6Q2I6x4Vc",0
1119,blizzard,Faerie - Aether,check the replies of this tweet!! it's nothing big tbh..it's just more of Blizzard's Slow Content Patche… https://t.co/DfTnqObYm6,0
5307,famine,Earth,President Edgar Lungu told journalists his buying military weap…,0
8334,quarantined,Tir Na Nog.,'Chinese woman with mystery virus quarantined in Thailand.' https://t.co/cgZpsvPnDP,1
10085,threat,,As usual the stories keep changing. Barr and Pompeo shift justification for Iran strike from 'imminent' threat to deterrence.…,0
4793,emergency,"Yr Wyddgrug, Wales",CRIMINAL SENTENCING - HOW IT WORKS: 2018: Maximum sentence for assaulting an emergency worker is doubled. 2018-19: R…,0
10049,terrorist,"Milano, Lombardia",ROXANNE aims to uncover #criminal &amp; #terrorist networks by a combination of #voicebiometrics and privacy-aware #linkan…,0
1375,body%20bagging,"Pike Road, Alabama ",Poor . I think he’s dead after this body bagging.,1
4392,drown,,Don't drown your voice for their voice. https://t.co/GaeulfXhwQ,0
6852,injury,Sin City,Anybody got a status update on Dale Dabone? He had a pretty serious injury not too long ago. Hope he's on the mend.,1
6654,hostages,,"Watch out, you might be the next hostages. Desperate Islamic regime will do anything. According to Reuters, two Ca… https://t.co/oyKo0b98fQ",0
9833,survive,"Sydney, New South Wales",It is life or death. I’m hoping democracy will survive the infiltration of so many self serving corporat… https://t.co/CXNzFNPaaZ,0
3004,danger,Slovenija,They actually claimed Sussex Royal put people in danger when it's their tradition... https://t.co/EroUDkPN7w,0
860,blaze,"Kampala, Uganda","As we work on the next one, this was what leading government advisor E. Bazanye had to offer on the throwing of bottles at mus…",0
7591,mudslide,"Middleton, NH",Mudslide!!!!,0
3543,demolition,Port Harcourt,#MorningCrossfire: Demolition Of Buildings For Flyover Construction . The land use Act states the method for compe… https://t.co/HFe5CNy5JN,0
2074,casualty,"Johannesburg, South Africa","[BREAKING] - ER24, Life Healthcare and WC Metro Services, are on scene of a mass casualty incident in Wetton in the Western Ca…",1
2413,collapsed,"Melbourne, Australia","Guys, relax! Players have always collapsed on court due to bushfire smoke inhalation. #AusOpen #AustraliaBushfires",1
9461,storm,crewe,"Used to do it every storm on Rhyl prom, it was stupid then.",0
8179,police,"Bahawalpur, Pakistan",These men brought honor to department this morning. ITP Officials helping a woman commuter on road when her tire went flat in r…,1
2610,collision,Ireland,"8.30am Castlebar - two vehicle collision at the jnctn of Main St &amp; Market St, Parsons Corner. AVOID driving up from… https://t.co/grLsqCarDG",1
811,bioterrorism,Morally Grey opinion & thought,hachi-san88: Leon and Claire. They fight bioterrorism and have busy days. That’s why they value the time they spend tog…,0
591,attack,circus,I just zoom it and took ss and feel attack.. How our fansites stay alive?? 😳 😳 😳 https://t.co/xXTn2Ht5kB,0
10623,upheaval,"Cambridge, England","‘the education profession does not take kindly to reckless or eccentric political leaders who, for all their claimed preocc…",0
1827,burned,Japan,This timelapse of #Sentinel3 🇪🇺🛰 imagery shows the magnitude of the #AustralianBushfire crisis in terms of burned areas…,0
1555,bombed,Pawnee Nation,A REMINDER: RCMP bombed oil site in 'dirty tricks' campaign https://t.co/19Rq6IdGyo,0
6157,harm,,"He lost his job but never his monbebes so as long as we are here, we will never allow anyone to harm our hoseok again. We w…",0
7516,military,Down to Earth,Bernie stubbornly deflected every time a reporter or debate moderator asked him to criticize Warren. His strongest line w…,0
6871,injury,"Sydney, New South Wales",Horrible news about mose masoe. Does anybody know the extent of the injury? Hoping for a speedy recovery for the big man,1
2295,cliff%20fall,"North Carolina, USA",WHAT IS THIS INFORMATION?? Did someone fall off a cliff? Is it a secret child? Do they have an extra toe?? #BachelorNa…,0
5689,first%20responders,,💕Good Morning My Friends💕 😇God bless You😇 🇺🇸God bless the USA🇺🇸 🇺🇸God bless 🇺🇸 🇺🇸God bless 🇺🇸 🇺🇸God bless 🇺🇸 🇺🇸…,0
2688,crash,"London, England","SHIMMERING PAISTE SIGNATURE 16"" FULL CRASH! EXCD 988 Gs WHY PAY $320 https://t.co/9Mz29E9Bw4 https://t.co/pCuAmIW6VL",0
6620,hostage,Istanbul,Slaughtering a journalist*.. Kidnapping and holding a prime minister** as a hostage.. Detaining princes at Rit…,0
9849,survive,Lake District,Remember: 1. Arctic ice is melting 2. Butterflies are dying 3. Antarctica is collapsing 4. Lakes are shrinking 5. Air is p…,0
6986,inundation,NYC 'burbs,"To the people who don't follow me for baseball news, I'm sorry for the inundation of baseball tweets today. It was… https://t.co/yhLAv6WKDE",0
2759,crush,kim woojin,i'm bored so: ➝ reply with 'changbin tiny baby' and i'll do this! ➝ [mutuals only ♡] first impression: your nickn… https://t.co/ufuapbnxkk,0
10250,thunderstorm,"Greenwood, Mississippi",One of the hardest-hit areas of he severe thunderstorm that raked across the Delta Saturday morning was the town of… https://t.co/gLpJa4q9i6,1
10922,weapons,,.: Our sanctions will continue until the regime stops its terrorist activity and commits to never having nuclear w…,0
4982,epicentre,"Whitminster,Glos.",We support efforts in tackling the poaching crisis in Chizarira National Park. The park was the epicentre…,0
5197,explosion,THEY/THEM or HE/HIM,when i phaselock an enemy it: - makes them fight their allies &amp; draws aggro - pulls enemies near - causes an explos… https://t.co/TLSANxwU5X,0
7811,obliterate,Stomping existence to ash,You still absolutely obliterate them! Good micros don't exist because they are all inferior and deserve th… https://t.co/EWCXSvqUtd,0
529,arsonist,https://youtu.be/7p5tWONPBp0,someone posted this in discord and agowijfaklw;fjlkawefsa https://t.co/pyqYmU2cGV,0
10649,upheaval,Oxford,"This prediction should restrict itself to England, as education is devolved—*English* schools. https://t.co/4kSXWcSvaV",0
5499,fear,Namibia windhoek,2020 and the only thing i still fear is a screenshot🤮🤮,0
5172,explosion,Kenol Makutano.,Two Belgian soldiers currently serving in #Mali were injured when their vehicle Dingo II (MPPV) drove over an Improvise…,1
6186,harm,Ipswich,I’d be a lot more concerned about uncle Andrew and his dead paedophile mate and the har… https://t.co/6QR6AwUSCM,0
2032,casualties,Hades,"So far: Iran lost her top-terrorist, inflicted zero US or Iraqi casualties, backed down &amp; Trump deescalated. No WWIII happ…",0
6036,hail,,"5 days to go till the real, famous and mouth watering day of our King .. All hail the king 👑🤴 Let's start mak…",0
9085,seismic,,Seismic Quiet - The duration of the silence can indicate the level of energy that will be released. Longer quiet pe… https://t.co/HtVcGPn1kG,0
5506,fear,,Never let the fear of what other people think stop you from being yourself. - Joubert Botha #wisdom #motivation https:…,0
10620,typhoon,Cam Sur x Laguna x Taguig,Remember when Naga City was hit by Typhoon Nina in 2017 and we all asked where she was even if LGUs are already doing their…,1
8079,panic,🇵🇭 | 🇰🇷,"Yup, Mayon Volcano is on Alert Level 2 but it has been that way since October 2019. Stop spreading panic, you’re not helpi…",0
6140,harm,Bangtan Universe,"weverse 20200114 op: taehyung, what are you doing awake? taehyung: i’m trying to fall asleep op: everyone, please he…",0
5888,flooding,UK,Who is controlling the dogs of war who surround his administration? The British Ambassador Sir (now Lord) Kim Darroch said—i…,0
7841,obliterated,Bebop Ship,Yoiii My heart is obliterated with the uWu and the feels,0
7523,military,NOT FOUND,"Jungsoo is in military, he is busy right? [BOT]",0
6446,hijack,"Vancouver, British Columbia","The best thing about getting rid of Gazidis is any time Arsenal try to do something stupid now, he will hijack it.",0
6576,hostage,California & Nevada,During the Funeral of Qasem Soleimani CNN put THIS woman on the air to make direct threats to our President &amp; the American…,0
8316,quarantined,United States,Bourbon street bout to be quarantined,0
4837,emergency%20services,"Sydney, Australia","”tourists welcome - just check the fire maps, emergency services warnings and air quality before you go anywhere. Don’t…",0
5236,eyewitness,Baltimore,"You're putting a lot of weight on the phrase ""with knowledge of the conversation."" As… https://t.co/nPypnkaEO6",0
1554,bombed,,Another film nominated for Best Documentary feature #ForSama about the harrowing realities of the Syrian conflict — hospita…,0
5213,explosion,Republic of the Philippines,My flight got cancelled going back to Manila today due to the Taal volcano explosion. Ashfall reaches Manila. Just want…,1
7907,oil%20spill,,Surprising 2019 Oil Tanker Spill Statistics Published https://t.co/dgx11WiySW #Shipping #Maritime #MarineInsight https:…,0
3812,desolate,,M4 Desolate Space GIVEAWAY! ➤FOLLOW US ➤RETWEET ➤CHECK OUT https://t.co/H07lbtfaQw (Must!) ➤Bonus Entry (Tag friends) Win…,0
9255,sirens,Indonesian | Manado,SLEEPING WITH SIRENS US TOUR w/ THE AMITY AFFLICTION https://t.co/MOifZ4M4t4,0
8941,screamed,"Maringá, Brasil",my 14 year old daughter just screamed FUCK and slammed her bedroom door after learning she’ll be menstruating every mo…,0
11158,wounded,Somewhere vaguely near you,"Vitriol many indy supporters have for Labour partly stems from how some senior politicians spoke in 2014 campaign: ""viru…",0
6238,hazard,,Dear Noah and other Aus Open players. I am a professional firefighter in Melbourne. I know a little bit about the health haz…,0
2601,collision,Lancashire,Man jailed for serious injury collision: https://t.co/YoSwzr5LoE https://t.co/rHKZxb0iFv,1
10870,weapon,,"Let us remember: One Book, One pen, One child, and One Teacher can change the world. Don't ask why because Educatio… https://t.co/qevoOW75Y9",0
1373,body%20bagging,United States,Damn ..... I mean after body bagging you guys last year and some what this year.. I th… https://t.co/pR4qCPEiBU,0
4804,emergency,"Palma de Mallorca, España",Help rescue and care for the innocent victims of the fires! Millions of animals are dying from the Australian wildf… https://t.co/Rsp6NOFC8R,1
11054,wild%20fires,,Praying for the people and animals of Australia during these horrible wild fires.,1
3309,deluge,"Αττική, Ελλάς",The #insurance sector has seen a deluge of disruption (from multiple directions). Which model shows the most promis… https://t.co/CKiQwaRd9m,0
5464,fatality,Guam,A Naval aircrewman with the Helicopter Sea Combat Squadron 25 died in the snorkeling incident Saturday in Piti. https://t.co/…,1
6746,hurricane,,Really...!?! The Rock 😳 Remember the “Rock” Played for Coach O during his Miami Hurricane Days. A lot folks are asking Why/H…,0
8440,razed,"California, USA",It’s hard to memorialize something that was razed to the ground. The presence of brown community emanated to Pioneer Sq…,0
270,annihilated,Australia,That was before #auspol was onto #TheLiarFromTheShire and his manipulation of the election… https://t.co/Zg16ZU0Mf9,0
4704,electrocute,"Branchburg, NJ","3, 2, 1, Kaboom! Join us Wed! Kaboom has labeled his Wheel of Science with everything from optical illusions to che… https://t.co/gjYuDinKMC",0
5264,eyewitness,,Our Katie Moore had an exclusive interview with before the #CFBPlayoff. You can watch that tonight on Ey…,0
2472,collide,ℛᴇsᴏʀᴛ ℐsʟᴀɴᴅ,The helicopter is too close to the poles and it's causing them to infinitely collide. I got them to settle… https://t.co/vuavdT7WsT,0
6695,hurricane,"Nassau, Bahamas",PM: Hurricane clean up may require intl. contractors https://t.co/WtaiUiKuGp https://t.co/8XouGsx2Pu,0
4619,earthquake,Namkanda,Puerto Rico - Earthquake 🌋 South Korea - Bush fire 🔥 Mexico volcano erupting 🌋 Guatemala volcano is still erupting 🌋 Ind…,0
6496,hijacker,"Sacramento, California",If my father was a 9/11 hijacker and your father was killed innocently working in the towers then I… https://t.co/G984RPxCFf,0
6816,injuries,"Zurich, Switzerland","gerald_bader : Wear your helmet, concludes new study showing electronic scooter injuries have nearly tripled in the… https://t.co/7M4a4uoJnx",0
10800,volcano,,Special day 'no matter what': Filipino couple weds under volcanic cloud https://t.co/eE5ZeE3fco https://t.co/IhdO7ykEZ6,0
10235,thunderstorm,USA,NWS Alert&gt; Strong Thunderstorm Near Glen Allan or 11 Miles S of Avon Moving E At 50 MPH. Dime Size Hail Possible. L… https://t.co/TlWFYBFvUm,1
8387,razed,,"Must 500,000 persons die &amp; whole villages razed before the , , can DO anything concrete on…",0
5410,fatalities,"Bronx, NY",Anti-trans violence is an epidemic that plagues this nation. It goes well beyond fatalities: it includes physical &amp; sexual assau…,0
8049,pandemonium,"Tampa, FL",It’s pandemonium in NOLA https://t.co/9MX2Z7oukh,1
3121,death,,"Supreme Court dismisses curative petitions of Mukesh and Vinay, death row convicts, in the Nirbhaya Gang Rape case",0
3171,death,Kenya,"So Mwangi Kiunjuri is the locust that he told us was supposed to be sprayed? Finally, President Uhuru Kenyatta has spra…",0
4938,engulfed,"Long Beach, CA",Yeah it’s tough because we come from a place of being engulfed in the 2K pro-am community.… https://t.co/oqh36tVK7k,0
1790,buildings%20on%20fire,"Lima, OH",No one was injured after a fire on the 6th floor of the apartment buildings on N. Elizabeth St. in Lima. https://t.co/1tP3OuqyQe,1
5660,first%20responders,"Seattle, WA",How do the first responders keep their composure so well and also not laugh? Dude putting his coat on🤣#LiveRescue,0
4245,displaced,UK,Facebook’s Displacement Maps track daily movements of populations displaced by natural disasters &gt;… https://t.co/4SGwRwCb3I,0
7423,mayhem,Oregon,Monday Resistor Mayhem 4 …,0
4202,displaced,,"Wombats have been spotted exhibiting 'shepherding' behaviour, herding at risk animals to safety, sharing their burrows…",0
1614,bombing,,The winter in Gaza has a special character .. !!! There are many poor people in Gaza living in homes partially destroyed…,0
1199,blood,,"Very bad night, have to go for a blood test which has relocated to beside the entrance to psych ward I was on. Fill… https://t.co/rE8fi92Ijc",0
5770,flattened,"Dayton, Ohio","We don't deserve Tulsi. I'm extremely sorry to all my Tulsi supporter friends, this wo… https://t.co/FgFvXy0pQx",0
4678,electrocute,,You must've never played Titanfall. It's made by the same guys. It makes sense. It's perfect… https://t.co/TUmidN7XFg,0
4231,displaced,,"The offspring of the Arab Spring. We're dismantled, disfigured, abandoned, refugees, displaced and unfortunate h…",1
1587,bombing,,Actually Boris. Iranian people are sick and tired of their bloodthirsty corrupt evil g… https://t.co/dDprkvHtks,0
617,attacked,,"Some one asked me what it feels to have cancer. . It took me a while to figure it out, but to me having cancer feels li…",0
819,bioterrorism,Cornwall,"Thanks Phil, so domestic rules (e.g bioterrorism law) can override free trade rules t… https://t.co/fmNh415n3P",0
9497,storm,"Mumbai, Maharashtra",Calm before the storm. #Namaste Did you know that #Yoga is one of the many ways that Sailors can get their mind and body right…,0
10797,volcano,"Panabo, Davao Region",Hi! Can you donate some money for our fellow filipino family who's been affected from the eruption of taal volcano.… https://t.co/FJvtgL69ug,0
1999,casualties,"London, England",Innocent civilians are the main casualties of conflict. And a potential US-Iran war hasn’t even started yet. Imagine wh…,0
7963,oil%20spill,,TONIGHT WITHIN THE CHAMBERS OF THE ETERNAL PIZZA DUNGEON BURROWED BENEATH THE SQUARE OF DENTON A SHOW SPEWS FORTH INTO THE…,0
4363,drown,"Bradford, England",Today the imam said this dunya is designed to destroy ur soul hold onto Salah like a life raft or you will drown nd I felt that.,0
8504,refugees,,Why is Boris Johnson’s government turning its back on child refugees? https://t.co/G1UiUpQC76,0
7115,lightning,"Venus,Milkyway#themorningstar ","1971,campers pitched a tent within the Stones.During the night a thunderstorm raged with lightning that struck the… https://t.co/I8bEbhzcDC",1
540,attack,,Attack your local journalist https://t.co/SVuIFchljA,0
8317,quarantined,,"By your logic, it should be a felony to knowingly spread any infectious disease… https://t.co/OwLgSy05tX",0
8556,rescue,"Rajasthan, India",Ambulance Robot City Rescue Android Gameplay https://t.co/O3QYUB6Usy via,0
10735,violent%20storm,"Dublin City, Ireland",Love a good storm in Ireland everyone panics meanwhile I stay indoors and appropriate the violent weather - and dr… https://t.co/GW3kMdBZ1K,0
5248,eyewitness,India,Australia ablaze: Up close and in your face https://t.co/p5cRnnhbdd One of today’s most respected climate scientists is …,0
9492,storm,Indoensia,"4. And when the evil storm storms around me, the night alight in lightnings glow;",0
9730,suicide%20bombing,,Palestinian ruling party members (PLO) literally marching wearing explosive belts to mark Fatah's (PLO) first suicide…,0
5303,famine,The land of Sanatan Dharma,The Britain had tendered apologies to other nations including Kenya but India is totally ignored Israel has not yet forgot…,0
7610,natural%20disaster,Philippines,Cooperation between the private sector and local government units is key when dealing with natural calamities such… https://t.co/Bh6Wfw24jy,0
6846,injuries,"Edinburgh, Scotland",Are you interested in a career in healthcare? A career as a paramedic could suit you! Paramedics provide an immediate r…,0
9021,screaming,,"13/1 in 1964 In ""Beatlemania""-type scenes, hordes of screaming fans lay siege to Coronation Street, desperate for a glimps…",0
5753,flattened,Baltimore/NY/MIAMI/ LA /ATL,"Grandmother’s prayer closet survives powerful tornado that flattened home, killed many https://t.co/m3cxLaKubX",1
10777,volcano,"Quezon City, National Capital Region","Why are you looking for him? His expertise is making threats, whether it’s to kill, fire, arrest, or send someone to jai…",0
7380,massacre,UK,Lets never forget the 14 January 2019 extra-legal massacre of civilians by the ZANU PF regime over protests against fu…,1
10058,terrorist,,"The Jihadis have upped the stakes, ruthlessly using kids in front of protests like terrorist organisations. They want…",0
6666,hostages,,Since you were 8 when they took the hostages we forgive your naivety. It took a strong Republican Like Trump (Rea…,0
10785,volcano,,Drones show Philippines town cloaked in ash from Taal volcano – video https://t.co/rkGl8v4vkN https://t.co/75FXWd9qUt,1
8092,panic,"North Richland Hills, TX",1st panic attack in months 😞,0
